timestamp_utc,model,model_sha256,requested_device,execution_provider,runtime,runtime_version,inference_precision,host_arch,host_os,backend_name,runs,cache_dir,load_seconds,cold_load_seconds,hot_load_seconds,mean_infer_ms,median_infer_ms,p90_infer_ms,model_size_mb,eval_samples,correct,accuracy,max_abs_p_diff,ep_nodes,cpu_nodes,cpu_offload_pct,cpu_offload_ops,assigned_ops_cpu,assigned_ops_npu,operation_assignment_source,power_source,eval_detail,status,requested_provider,resolved_provider,fallback_occurred,provider_attempts,measurement_purpose,execution_profile,graph_role,environment_snapshot_id,model_compilation_provenance_ids,error
2026-07-16T00:19:06Z,tsc,90f2ed1b3f1a469f36e416ceeb6121da8de72152f69c61e5a14865ee045834e0,NPU,QNNExecutionProvider,onnxruntime-qnn,1.24.4,preferred,arm64,Windows 11 (build 26200),ONNX Runtime (classifier),20,C:\Projects\whisper-npu-hal\build\cache\benchmark\ARM64-qualcomm\auto\tsc\whole-fp32\npu,15.6765,15.6765,1.1606,18.4975,18.3432,18.6215,328.565,15,14,0.933333,0.0473105,1,0,0,,0,251,ort-ep-graph-assignment,ac,scam_0|scam|clean|0.022977|0.036887;scam_1|scam|scam|0.999977|0.999978;scam_2|scam|scam|0.899298|0.909333;scam_3|scam|scam|0.999205|0.999245;scam_4|scam|scam|0.999831|0.999844;scam_5|scam|scam|0.986623|0.990409;scam_6|scam|scam|0.971211|0.972070;scam_7|scam|scam|0.893123|0.940434;clean_8|clean|clean|0.000001|0.000001;clean_9|clean|clean|0.000002|0.000002;clean_10|clean|clean|0.000003|0.000003;clean_11|clean|clean|0.000003|0.000003;clean_12|clean|clean|0.008864|0.013057;clean_13|clean|clean|0.000695|0.000701;clean_14|clean|clean|0.001793|0.001439,ok,auto,QNNExecutionProvider,false,"[{""provider"":""QNNExecutionProvider"",""success"":true,""error"":""""}]",latency,whole-fp32,whole,958efdde288a78da562f,fbc32aa1942da5b6a55f,
2026-07-16T00:19:31Z,fakeaudio-bb-fp32,e4623e7ee2f3847b90f99f423bd8fa73168cf5d4a936a3c26433483fdf0752a5,NPU,QNNExecutionProvider,onnxruntime-qnn,1.24.4,preferred,arm64,Windows 11 (build 26200),ONNX Runtime (classifier),20,C:\Projects\whisper-npu-hal\build\cache\benchmark\ARM64-qualcomm\auto\fakeaudio\npu-split-generic\npu,11.2595,11.2595,0.718378,114.99,114.479,116.329,123.676,5,3,0.6,0.000839169,1,0,0,,0,585,ort-ep-graph-assignment,ac,deepfake_1|deepfake|deepfake|0.999947|0.999951;deepfake_2|deepfake|deepfake|0.998062|0.998115;real_1|real|deepfake|0.999474|0.999452;real_2|real|deepfake|0.998221|0.998430;real_3|real|real|0.005653|0.004814,ok,auto,QNNExecutionProvider,false,"[{""provider"":""QNNExecutionProvider"",""success"":true,""error"":""""}]",latency,npu-split-generic,backbone,958efdde288a78da562f,89654c46fd8a6465681f;93a71d636fd0ae0f9890,
2026-07-16T00:20:22Z,tsc,90f2ed1b3f1a469f36e416ceeb6121da8de72152f69c61e5a14865ee045834e0,GPU,DmlExecutionProvider,onnxruntime-directml,1.24.4,f32,arm64,Windows 11 (build 26200),ONNX Runtime (classifier),20,C:\Projects\whisper-npu-hal\build\cache\benchmark\ARM64-qualcomm\auto\tsc\whole-fp32\gpu,0.583817,0.583817,0.526164,83.9785,83.4403,86.3165,328.565,15,14,0.933333,1.07501e-06,1,0,0,,,,,ac,scam_0|scam|clean|0.036887|0.036887;scam_1|scam|scam|0.999978|0.999978;scam_2|scam|scam|0.909333|0.909333;scam_3|scam|scam|0.999245|0.999245;scam_4|scam|scam|0.999844|0.999844;scam_5|scam|scam|0.990408|0.990409;scam_6|scam|scam|0.972070|0.972070;scam_7|scam|scam|0.940433|0.940434;clean_8|clean|clean|0.000001|0.000001;clean_9|clean|clean|0.000002|0.000002;clean_10|clean|clean|0.000003|0.000003;clean_11|clean|clean|0.000003|0.000003;clean_12|clean|clean|0.013058|0.013057;clean_13|clean|clean|0.000701|0.000701;clean_14|clean|clean|0.001440|0.001439,ok,auto,DmlExecutionProvider,false,"[{""provider"":""DmlExecutionProvider"",""success"":true,""error"":""""}]",latency,whole-fp32,whole,958efdde288a78da562f,bf2e8fa44f2dbe7ef421,
2026-07-16T00:20:28Z,fakeaudio,549143bc35c75f7f531dc900a901a5f6c8835d47de3cf833ab2579f8be72dcbb,GPU,DmlExecutionProvider,onnxruntime-directml,1.24.4,f32,arm64,Windows 11 (build 26200),ONNX Runtime (classifier),20,C:\Projects\whisper-npu-hal\build\cache\benchmark\ARM64-qualcomm\auto\fakeaudio\whole-fp32\gpu,0.415005,0.415005,0.399533,46.2061,44.7875,48.1077,127.845,5,3,0.6,3.56091e-07,4,1,20,Resize x1,,,,ac,deepfake_1|deepfake|deepfake|0.999951|0.999951;deepfake_2|deepfake|deepfake|0.998115|0.998115;real_1|real|deepfake|0.999452|0.999452;real_2|real|deepfake|0.998430|0.998430;real_3|real|real|0.004814|0.004814,ok,auto,DmlExecutionProvider,false,"[{""provider"":""DmlExecutionProvider"",""success"":true,""error"":""""}]",latency,whole-fp32,whole,958efdde288a78da562f,13518dbf9ee00bb2fc86,
2026-07-16T00:22:05Z,tsc,90f2ed1b3f1a469f36e416ceeb6121da8de72152f69c61e5a14865ee045834e0,CPU,CPUExecutionProvider,onnxruntime,1.24.4,f32,arm64,Windows 11 (build 26200),ONNX Runtime (classifier),20,C:\Projects\whisper-npu-hal\build\cache\benchmark\ARM64-qualcomm\auto\tsc\whole-fp32\cpu,0.395298,0.395298,0.403623,231.859,180.655,540.895,328.565,15,14,0.933333,1.51995e-06,0,219,100,"Add x8, Cast x4, CumSum x1, Equal x1, Expand x1, FusedGemm x1, FusedMatMul x6, Gather x3, Gelu x6, Gemm x37, MatMul x6, Mul x1, Not x1, Reshape x96, SkipLayerNormalization x13, Softmax x6, Sub x1, Transpose x24, Unsqueeze x2, Where x1",,,,ac,scam_0|scam|clean|0.036888|0.036887;scam_1|scam|scam|0.999978|0.999978;scam_2|scam|scam|0.909333|0.909333;scam_3|scam|scam|0.999245|0.999245;scam_4|scam|scam|0.999844|0.999844;scam_5|scam|scam|0.990409|0.990409;scam_6|scam|scam|0.972070|0.972070;scam_7|scam|scam|0.940432|0.940434;clean_8|clean|clean|0.000001|0.000001;clean_9|clean|clean|0.000002|0.000002;clean_10|clean|clean|0.000003|0.000003;clean_11|clean|clean|0.000003|0.000003;clean_12|clean|clean|0.013058|0.013057;clean_13|clean|clean|0.000701|0.000701;clean_14|clean|clean|0.001439|0.001439,ok,auto,CPUExecutionProvider,false,"[{""provider"":""CPUExecutionProvider"",""success"":true,""error"":""""}]",latency,whole-fp32,whole,958efdde288a78da562f,aa4b193f36ee66add088,
2026-07-16T00:22:25Z,fakeaudio,549143bc35c75f7f531dc900a901a5f6c8835d47de3cf833ab2579f8be72dcbb,CPU,CPUExecutionProvider,onnxruntime,1.24.4,f32,arm64,Windows 11 (build 26200),ONNX Runtime (classifier),20,C:\Projects\whisper-npu-hal\build\cache\benchmark\ARM64-qualcomm\auto\fakeaudio\whole-fp32\cpu,0.399865,0.399865,0.414357,158.167,116.72,188.853,127.845,5,3,0.6,1.84126e-08,0,511,100,"Add x41, BatchNormalization x1, Clip x1, Concat x23, Conv x3, Div x1, Flatten x1, FusedGemm x2, FusedMatMul x12, Gelu x13, Gemm x50, GlobalAveragePool x1, LayerNormalization x29, Log x1, MatMul x17, Mul x1, Pad x1, Pow x2, Reshape x151, Resize x1, SkipLayerNormalization x1, Slice x18, Softmax x12, Split x32, Squeeze x36, Transpose x57, Unsqueeze x3",,,,ac,deepfake_1|deepfake|deepfake|0.999951|0.999951;deepfake_2|deepfake|deepfake|0.998115|0.998115;real_1|real|deepfake|0.999452|0.999452;real_2|real|deepfake|0.998430|0.998430;real_3|real|real|0.004814|0.004814,ok,auto,CPUExecutionProvider,false,"[{""provider"":""CPUExecutionProvider"",""success"":true,""error"":""""}]",latency,whole-fp32,whole,958efdde288a78da562f,ed9011d4bd906c7b38a3,
2026-07-16T00:23:34Z,tsc,90f2ed1b3f1a469f36e416ceeb6121da8de72152f69c61e5a14865ee045834e0,NPU,QNNExecutionProvider,windows-ml,1.24.6,preferred,arm64,Windows 11 (build 26200),ONNX Runtime (classifier),20,C:\Projects\whisper-npu-hal\build\cache\benchmark\ARM64-winml\auto\tsc\whole-fp32\npu,11.6715,11.6715,13.0076,18.3835,18.1728,18.422,328.565,15,14,0.933333,0.0473105,1,0,0,,0,251,ort-ep-graph-assignment,ac,scam_0|scam|clean|0.022977|0.036887;scam_1|scam|scam|0.999977|0.999978;scam_2|scam|scam|0.899298|0.909333;scam_3|scam|scam|0.999205|0.999245;scam_4|scam|scam|0.999831|0.999844;scam_5|scam|scam|0.986623|0.990409;scam_6|scam|scam|0.971211|0.972070;scam_7|scam|scam|0.893123|0.940434;clean_8|clean|clean|0.000001|0.000001;clean_9|clean|clean|0.000002|0.000002;clean_10|clean|clean|0.000003|0.000003;clean_11|clean|clean|0.000003|0.000003;clean_12|clean|clean|0.008864|0.013057;clean_13|clean|clean|0.000695|0.000701;clean_14|clean|clean|0.001793|0.001439,ok,auto,QNNExecutionProvider,false,"[{""provider"":""WindowsML:PREFER_NPU"",""success"":true,""error"":""""}]",latency,whole-fp32,whole,6627ec0a8d2477e354b0,ca41a34ccc61aa039dda,
2026-07-16T00:24:08Z,fakeaudio-bb-fp32,e4623e7ee2f3847b90f99f423bd8fa73168cf5d4a936a3c26433483fdf0752a5,NPU,QNNExecutionProvider,windows-ml,1.24.6,preferred,arm64,Windows 11 (build 26200),ONNX Runtime (classifier),20,C:\Projects\whisper-npu-hal\build\cache\benchmark\ARM64-winml\auto\fakeaudio\npu-split-generic\npu,10.5287,10.5287,10.2383,110.329,108.24,113.033,123.676,5,3,0.6,0.000839169,1,0,0,,0,585,ort-ep-graph-assignment,ac,deepfake_1|deepfake|deepfake|0.999947|0.999951;deepfake_2|deepfake|deepfake|0.998062|0.998115;real_1|real|deepfake|0.999474|0.999452;real_2|real|deepfake|0.998221|0.998430;real_3|real|real|0.005653|0.004814,ok,auto,QNNExecutionProvider,false,"[{""provider"":""WindowsML:PREFER_NPU"",""success"":true,""error"":""""}]",latency,npu-split-generic,backbone,6627ec0a8d2477e354b0,0d2fe6f1a18eb3f65bea;4bb08d20368f1bd0b156,
2026-07-16T00:24:59Z,tsc,90f2ed1b3f1a469f36e416ceeb6121da8de72152f69c61e5a14865ee045834e0,GPU,DmlExecutionProvider,windows-ml,1.24.6,preferred,arm64,Windows 11 (build 26200),ONNX Runtime (classifier),20,C:\Projects\whisper-npu-hal\build\cache\benchmark\ARM64-winml\auto\tsc\whole-fp32\gpu,0.569238,0.569238,0.546287,84.2257,83.506,87.4207,328.565,15,14,0.933333,1.07501e-06,1,0,0,,,,,ac,scam_0|scam|clean|0.036887|0.036887;scam_1|scam|scam|0.999978|0.999978;scam_2|scam|scam|0.909333|0.909333;scam_3|scam|scam|0.999245|0.999245;scam_4|scam|scam|0.999844|0.999844;scam_5|scam|scam|0.990408|0.990409;scam_6|scam|scam|0.972070|0.972070;scam_7|scam|scam|0.940433|0.940434;clean_8|clean|clean|0.000001|0.000001;clean_9|clean|clean|0.000002|0.000002;clean_10|clean|clean|0.000003|0.000003;clean_11|clean|clean|0.000003|0.000003;clean_12|clean|clean|0.013058|0.013057;clean_13|clean|clean|0.000701|0.000701;clean_14|clean|clean|0.001440|0.001439,ok,auto,DmlExecutionProvider,false,"[{""provider"":""WindowsML:PREFER_GPU"",""success"":true,""error"":""""}]",latency,whole-fp32,whole,6627ec0a8d2477e354b0,6ed65ced85eec5a1d1c6,
2026-07-16T00:25:05Z,fakeaudio,549143bc35c75f7f531dc900a901a5f6c8835d47de3cf833ab2579f8be72dcbb,GPU,DmlExecutionProvider,windows-ml,1.24.6,preferred,arm64,Windows 11 (build 26200),ONNX Runtime (classifier),20,C:\Projects\whisper-npu-hal\build\cache\benchmark\ARM64-winml\auto\fakeaudio\whole-fp32\gpu,0.449721,0.449721,0.401734,45.7552,44.6818,50.079,127.845,5,3,0.6,3.56091e-07,4,1,20,Resize x1,,,,ac,deepfake_1|deepfake|deepfake|0.999951|0.999951;deepfake_2|deepfake|deepfake|0.998115|0.998115;real_1|real|deepfake|0.999452|0.999452;real_2|real|deepfake|0.998430|0.998430;real_3|real|real|0.004814|0.004814,ok,auto,DmlExecutionProvider,false,"[{""provider"":""WindowsML:PREFER_GPU"",""success"":true,""error"":""""}]",latency,whole-fp32,whole,6627ec0a8d2477e354b0,0e96e04703a39d95fc71,
2026-07-16T00:26:20Z,tsc,90f2ed1b3f1a469f36e416ceeb6121da8de72152f69c61e5a14865ee045834e0,CPU,CPUExecutionProvider,windows-ml,1.24.6,f32,arm64,Windows 11 (build 26200),ONNX Runtime (classifier),20,C:\Projects\whisper-npu-hal\build\cache\benchmark\ARM64-winml\auto\tsc\whole-fp32\cpu,0.400308,0.400308,0.423602,179.376,156.907,250.585,328.565,15,14,0.933333,1.51995e-06,0,219,100,"Add x8, Cast x4, CumSum x1, Equal x1, Expand x1, FusedGemm x1, FusedMatMul x6, Gather x3, Gelu x6, Gemm x37, MatMul x6, Mul x1, Not x1, Reshape x96, SkipLayerNormalization x13, Softmax x6, Sub x1, Transpose x24, Unsqueeze x2, Where x1",,,,ac,scam_0|scam|clean|0.036888|0.036887;scam_1|scam|scam|0.999978|0.999978;scam_2|scam|scam|0.909333|0.909333;scam_3|scam|scam|0.999245|0.999245;scam_4|scam|scam|0.999844|0.999844;scam_5|scam|scam|0.990409|0.990409;scam_6|scam|scam|0.972070|0.972070;scam_7|scam|scam|0.940432|0.940434;clean_8|clean|clean|0.000001|0.000001;clean_9|clean|clean|0.000002|0.000002;clean_10|clean|clean|0.000003|0.000003;clean_11|clean|clean|0.000003|0.000003;clean_12|clean|clean|0.013058|0.013057;clean_13|clean|clean|0.000701|0.000701;clean_14|clean|clean|0.001439|0.001439,ok,auto,CPUExecutionProvider,false,"[{""provider"":""WindowsML:PREFER_CPU"",""success"":true,""error"":""""}]",latency,whole-fp32,whole,6627ec0a8d2477e354b0,46daed32cddb3bb50860,
2026-07-16T00:26:31Z,fakeaudio,549143bc35c75f7f531dc900a901a5f6c8835d47de3cf833ab2579f8be72dcbb,CPU,CPUExecutionProvider,windows-ml,1.24.6,f32,arm64,Windows 11 (build 26200),ONNX Runtime (classifier),20,C:\Projects\whisper-npu-hal\build\cache\benchmark\ARM64-winml\auto\fakeaudio\whole-fp32\cpu,0.335026,0.335026,0.345874,94.1561,92.3807,102.476,127.845,5,3,0.6,1.84126e-08,0,511,100,"Add x41, BatchNormalization x1, Clip x1, Concat x23, Conv x3, Div x1, Flatten x1, FusedGemm x2, FusedMatMul x12, Gelu x13, Gemm x50, GlobalAveragePool x1, LayerNormalization x29, Log x1, MatMul x17, Mul x1, Pad x1, Pow x2, Reshape x151, Resize x1, SkipLayerNormalization x1, Slice x18, Softmax x12, Split x32, Squeeze x36, Transpose x57, Unsqueeze x3",,,,ac,deepfake_1|deepfake|deepfake|0.999951|0.999951;deepfake_2|deepfake|deepfake|0.998115|0.998115;real_1|real|deepfake|0.999452|0.999452;real_2|real|deepfake|0.998430|0.998430;real_3|real|real|0.004814|0.004814,ok,auto,CPUExecutionProvider,false,"[{""provider"":""WindowsML:PREFER_CPU"",""success"":true,""error"":""""}]",latency,whole-fp32,whole,6627ec0a8d2477e354b0,0e2a07423b9f9d1e7586,
2026-07-16T00:27:12Z,fakeaudio,549143bc35c75f7f531dc900a901a5f6c8835d47de3cf833ab2579f8be72dcbb,NPU,QNNExecutionProvider,onnxruntime-qnn,1.24.4,preferred,arm64,Windows 11 (build 26200),ONNX Runtime (classifier),20,C:\Projects\whisper-npu-hal\build\cache\benchmark\ARM64-qualcomm\auto\fakeaudio\npu-whole-diagnostic\npu,18.2067,18.2067,0.813926,128.131,127.59,129.476,127.845,5,4,0.8,0.932525,1,0,0,,0,598,ort-ep-graph-assignment,ac,deepfake_1|deepfake|deepfake|0.979919|0.999951;deepfake_2|deepfake|deepfake|0.959345|0.998115;real_1|real|deepfake|0.999656|0.999452;real_2|real|real|0.065905|0.998430;real_3|real|real|0.438004|0.004814,ok,auto,QNNExecutionProvider,false,"[{""provider"":""QNNExecutionProvider"",""success"":true,""error"":""""}]",latency,npu-whole-diagnostic,whole,d5bcb387951ddbd6c0f7,9e81ff2d3d2b10434a9f,
2026-07-16T00:28:08Z,fakeaudio,549143bc35c75f7f531dc900a901a5f6c8835d47de3cf833ab2579f8be72dcbb,NPU,QNNExecutionProvider,windows-ml,1.24.6,preferred,arm64,Windows 11 (build 26200),ONNX Runtime (classifier),20,C:\Projects\whisper-npu-hal\build\cache\benchmark\ARM64-winml\auto\fakeaudio\npu-whole-diagnostic\npu,18.6371,18.6371,18.3249,128.092,126.71,130.533,127.845,5,4,0.8,0.932525,1,0,0,,0,598,ort-ep-graph-assignment,ac,deepfake_1|deepfake|deepfake|0.979919|0.999951;deepfake_2|deepfake|deepfake|0.959345|0.998115;real_1|real|deepfake|0.999656|0.999452;real_2|real|real|0.065905|0.998430;real_3|real|real|0.438004|0.004814,ok,auto,QNNExecutionProvider,false,"[{""provider"":""WindowsML:PREFER_NPU"",""success"":true,""error"":""""}]",latency,npu-whole-diagnostic,whole,e41affad9fd88d270906,a036cfc5b491b854795f,
2026-07-16T01:02:40Z,tsc,90f2ed1b3f1a469f36e416ceeb6121da8de72152f69c61e5a14865ee045834e0,NPU,VitisAIExecutionProvider,onnxruntime-vitisai,1.23.3,preferred,x64,Windows 11 (build 26200),ONNX Runtime (classifier),20,C:\Projects\apps\whisper-npu-hal\build\cache\benchmark\x64-amd\auto\tsc\whole-fp32\npu,94.1171,94.1171,1.10981,33.2676,33.3332,33.7641,328.565,15,14,0.933333,0.0567954,1,13,92.86,"Add x1, Cast x3, CumSum x1, Equal x1, Expand x1, Gather x2, Mul x1, Not x1, Unsqueeze x2",13,232,vitisai-cache-context-gops,ac,scam_0|scam|clean|0.012821|0.036887;scam_1|scam|scam|0.999983|0.999978;scam_2|scam|scam|0.914901|0.909333;scam_3|scam|scam|0.999464|0.999245;scam_4|scam|scam|0.999815|0.999844;scam_5|scam|scam|0.993096|0.990409;scam_6|scam|scam|0.982955|0.972070;scam_7|scam|scam|0.883638|0.940434;clean_8|clean|clean|0.000001|0.000001;clean_9|clean|clean|0.000002|0.000002;clean_10|clean|clean|0.000003|0.000003;clean_11|clean|clean|0.000002|0.000003;clean_12|clean|clean|0.022629|0.013057;clean_13|clean|clean|0.000527|0.000701;clean_14|clean|clean|0.000955|0.001439,ok,auto,VitisAIExecutionProvider,false,"[{""provider"":""VitisAIExecutionProvider"",""success"":true,""error"":""""}]",latency,whole-fp32,whole,3b154ecc8a976a151c68,aa7f739974504ade6976,
2026-07-16T01:07:43Z,fakeaudio-bb-fp32,e4623e7ee2f3847b90f99f423bd8fa73168cf5d4a936a3c26433483fdf0752a5,NPU,VitisAIExecutionProvider,onnxruntime-vitisai,1.23.3,preferred,x64,Windows 11 (build 26200),ONNX Runtime (classifier),20,C:\Projects\apps\whisper-npu-hal\build\cache\benchmark\x64-amd\auto\fakeaudio\npu-split-generic\npu,297.814,297.814,0.792939,41.6978,39.8798,47.6935,123.676,5,3,0.6,0.0115893,1,6,85.71,"BatchNormalization x1, Div x1, Mul x1, Resize x1, Transpose x2",6,578,vitisai-cache-context-gops,ac,deepfake_1|deepfake|deepfake|0.999923|0.999951;deepfake_2|deepfake|deepfake|0.999144|0.998115;real_1|real|deepfake|0.999718|0.999452;real_2|real|deepfake|0.998451|0.998430;real_3|real|real|0.016403|0.004814,ok,auto,VitisAIExecutionProvider,false,"[{""provider"":""VitisAIExecutionProvider"",""success"":true,""error"":""""}]",latency,npu-split-generic,backbone,3b154ecc8a976a151c68,126106a2c39b1b8bf9c1;5b47dcd59f093548c9a9,
2026-07-16T01:08:22Z,tsc,90f2ed1b3f1a469f36e416ceeb6121da8de72152f69c61e5a14865ee045834e0,GPU,DmlExecutionProvider,onnxruntime-directml,1.23.3,f32,x64,Windows 11 (build 26200),ONNX Runtime (classifier),20,C:\Projects\apps\whisper-npu-hal\build\cache\benchmark\x64-amd\auto\tsc\whole-fp32\gpu,0.512076,0.512076,0.444951,63.5542,63.3939,67.2421,328.565,15,14,0.933333,0.000306238,1,0,0,,,,,ac,scam_0|scam|clean|0.036580|0.036887;scam_1|scam|scam|0.999978|0.999978;scam_2|scam|scam|0.909418|0.909333;scam_3|scam|scam|0.999246|0.999245;scam_4|scam|scam|0.999844|0.999844;scam_5|scam|scam|0.990415|0.990409;scam_6|scam|scam|0.971938|0.972070;scam_7|scam|scam|0.940415|0.940434;clean_8|clean|clean|0.000001|0.000001;clean_9|clean|clean|0.000002|0.000002;clean_10|clean|clean|0.000003|0.000003;clean_11|clean|clean|0.000003|0.000003;clean_12|clean|clean|0.013069|0.013057;clean_13|clean|clean|0.000700|0.000701;clean_14|clean|clean|0.001440|0.001439,ok,auto,DmlExecutionProvider,false,"[{""provider"":""DmlExecutionProvider"",""success"":true,""error"":""""}]",latency,whole-fp32,whole,3b154ecc8a976a151c68,d6fbf7720e157f092ef5,
2026-07-16T01:08:28Z,fakeaudio,549143bc35c75f7f531dc900a901a5f6c8835d47de3cf833ab2579f8be72dcbb,GPU,DmlExecutionProvider,onnxruntime-directml,1.23.3,f32,x64,Windows 11 (build 26200),ONNX Runtime (classifier),20,C:\Projects\apps\whisper-npu-hal\build\cache\benchmark\x64-amd\auto\fakeaudio\whole-fp32\gpu,0.463328,0.463328,0.452353,38.0257,37.6996,40.3997,127.845,5,3,0.6,5.94143e-06,4,1,20,Resize x1,,,,ac,deepfake_1|deepfake|deepfake|0.999951|0.999951;deepfake_2|deepfake|deepfake|0.998114|0.998115;real_1|real|deepfake|0.999451|0.999452;real_2|real|deepfake|0.998428|0.998430;real_3|real|real|0.004820|0.004814,ok,auto,DmlExecutionProvider,false,"[{""provider"":""DmlExecutionProvider"",""success"":true,""error"":""""}]",latency,whole-fp32,whole,3b154ecc8a976a151c68,22802bb7a4da6671aabe,
2026-07-16T01:09:38Z,tsc,90f2ed1b3f1a469f36e416ceeb6121da8de72152f69c61e5a14865ee045834e0,CPU,CPUExecutionProvider,onnxruntime,1.23.3,f32,x64,Windows 11 (build 26200),ONNX Runtime (classifier),20,C:\Projects\apps\whisper-npu-hal\build\cache\benchmark\x64-amd\auto\tsc\whole-fp32\cpu,0.265722,0.265722,0.265158,158.974,158.499,164.456,328.565,15,14,0.933333,1.92312e-06,0,219,100,"Add x8, Cast x4, CumSum x1, Equal x1, Expand x1, FusedGemm x1, FusedMatMul x6, Gather x3, Gelu x6, Gemm x37, MatMul x6, Mul x1, Not x1, Reshape x96, SkipLayerNormalization x13, Softmax x6, Sub x1, Transpose x24, Unsqueeze x2, Where x1",,,,ac,scam_0|scam|clean|0.036887|0.036887;scam_1|scam|scam|0.999978|0.999978;scam_2|scam|scam|0.909333|0.909333;scam_3|scam|scam|0.999245|0.999245;scam_4|scam|scam|0.999844|0.999844;scam_5|scam|scam|0.990409|0.990409;scam_6|scam|scam|0.972070|0.972070;scam_7|scam|scam|0.940432|0.940434;clean_8|clean|clean|0.000001|0.000001;clean_9|clean|clean|0.000002|0.000002;clean_10|clean|clean|0.000003|0.000003;clean_11|clean|clean|0.000003|0.000003;clean_12|clean|clean|0.013058|0.013057;clean_13|clean|clean|0.000701|0.000701;clean_14|clean|clean|0.001439|0.001439,ok,auto,CPUExecutionProvider,false,"[{""provider"":""CPUExecutionProvider"",""success"":true,""error"":""""}]",latency,whole-fp32,whole,3b154ecc8a976a151c68,c22a22ae6c86e64d1488,
2026-07-16T01:09:47Z,fakeaudio,549143bc35c75f7f531dc900a901a5f6c8835d47de3cf833ab2579f8be72dcbb,CPU,CPUExecutionProvider,onnxruntime,1.23.3,f32,x64,Windows 11 (build 26200),ONNX Runtime (classifier),20,C:\Projects\apps\whisper-npu-hal\build\cache\benchmark\x64-amd\auto\fakeaudio\whole-fp32\cpu,0.244157,0.244157,0.235481,79.5801,77.6516,86.0125,127.845,5,3,0.6,2.15707e-08,0,512,100,"Add x41, BatchNormalization x1, Clip x1, Concat x23, Conv x3, Div x1, Flatten x1, FusedGemm x2, FusedMatMul x12, Gelu x13, Gemm x50, GlobalAveragePool x1, LayerNormalization x29, Log x1, MatMul x17, Mul x1, Pad x1, Pow x2, ReorderOutput x1, Reshape x151, Resize x1, SkipLayerNormalization x1, Slice x18, Softmax x12, Split x32, Squeeze x36, Transpose x57, Unsqueeze x3",,,,ac,deepfake_1|deepfake|deepfake|0.999951|0.999951;deepfake_2|deepfake|deepfake|0.998115|0.998115;real_1|real|deepfake|0.999452|0.999452;real_2|real|deepfake|0.998430|0.998430;real_3|real|real|0.004814|0.004814,ok,auto,CPUExecutionProvider,false,"[{""provider"":""CPUExecutionProvider"",""success"":true,""error"":""""}]",latency,whole-fp32,whole,3b154ecc8a976a151c68,9ca39f4ec599910c7951,
2026-07-16T01:15:13Z,tsc,90f2ed1b3f1a469f36e416ceeb6121da8de72152f69c61e5a14865ee045834e0,NPU,VitisAIExecutionProvider,windows-ml,1.24.6,preferred,x64,Windows 11 (build 26200),ONNX Runtime (classifier),20,C:\Projects\apps\whisper-npu-hal\build\cache\benchmark\x64-winml\auto\tsc\whole-fp32\npu,96.7121,96.7121,1.00383,33.6083,33.6159,34.2607,328.565,15,14,0.933333,0.0567954,1,13,92.86,"Add x1, Cast x3, CumSum x1, Equal x1, Expand x1, Gather x2, Mul x1, Not x1, Unsqueeze x2",13,232,ort-ep-graph-assignment,ac,scam_0|scam|clean|0.012821|0.036887;scam_1|scam|scam|0.999983|0.999978;scam_2|scam|scam|0.914901|0.909333;scam_3|scam|scam|0.999464|0.999245;scam_4|scam|scam|0.999815|0.999844;scam_5|scam|scam|0.993096|0.990409;scam_6|scam|scam|0.982955|0.972070;scam_7|scam|scam|0.883638|0.940434;clean_8|clean|clean|0.000001|0.000001;clean_9|clean|clean|0.000002|0.000002;clean_10|clean|clean|0.000003|0.000003;clean_11|clean|clean|0.000002|0.000003;clean_12|clean|clean|0.022629|0.013057;clean_13|clean|clean|0.000527|0.000701;clean_14|clean|clean|0.000955|0.001439,ok,auto,VitisAIExecutionProvider,false,"[{""provider"":""WindowsML:PREFER_NPU"",""success"":true,""error"":""""}]",latency,whole-fp32,whole,3a28d4120813f0c346ed,7dbf2b85590c0e6b53c5,
2026-07-16T01:20:20Z,fakeaudio-bb-fp32,e4623e7ee2f3847b90f99f423bd8fa73168cf5d4a936a3c26433483fdf0752a5,NPU,VitisAIExecutionProvider,windows-ml,1.24.6,preferred,x64,Windows 11 (build 26200),ONNX Runtime (classifier),20,C:\Projects\apps\whisper-npu-hal\build\cache\benchmark\x64-winml\auto\fakeaudio\npu-split-generic\npu,299.842,299.842,0.631397,48.7065,47.8449,51.2106,123.676,5,3,0.6,0.0115893,1,6,85.71,"BatchNormalization x1, Div x1, Mul x1, Resize x1, Transpose x2",6,578,ort-ep-graph-assignment,ac,deepfake_1|deepfake|deepfake|0.999923|0.999951;deepfake_2|deepfake|deepfake|0.999144|0.998115;real_1|real|deepfake|0.999718|0.999452;real_2|real|deepfake|0.998451|0.998430;real_3|real|real|0.016403|0.004814,ok,auto,VitisAIExecutionProvider,false,"[{""provider"":""WindowsML:PREFER_NPU"",""success"":true,""error"":""""}]",latency,npu-split-generic,backbone,3a28d4120813f0c346ed,4ddef4de50cdfd4895f0;55dcb6ccfd5fbed84076,
2026-07-16T01:21:03Z,tsc,90f2ed1b3f1a469f36e416ceeb6121da8de72152f69c61e5a14865ee045834e0,GPU,DmlExecutionProvider,windows-ml,1.24.6,preferred,x64,Windows 11 (build 26200),ONNX Runtime (classifier),20,C:\Projects\apps\whisper-npu-hal\build\cache\benchmark\x64-winml\auto\tsc\whole-fp32\gpu,0.457968,0.457968,0.498693,74.9217,65.7172,86.059,328.565,15,14,0.933333,0.000306238,1,0,0,,,,,ac,scam_0|scam|clean|0.036580|0.036887;scam_1|scam|scam|0.999978|0.999978;scam_2|scam|scam|0.909418|0.909333;scam_3|scam|scam|0.999246|0.999245;scam_4|scam|scam|0.999844|0.999844;scam_5|scam|scam|0.990415|0.990409;scam_6|scam|scam|0.971938|0.972070;scam_7|scam|scam|0.940415|0.940434;clean_8|clean|clean|0.000001|0.000001;clean_9|clean|clean|0.000002|0.000002;clean_10|clean|clean|0.000003|0.000003;clean_11|clean|clean|0.000003|0.000003;clean_12|clean|clean|0.013069|0.013057;clean_13|clean|clean|0.000700|0.000701;clean_14|clean|clean|0.001440|0.001439,ok,auto,DmlExecutionProvider,false,"[{""provider"":""WindowsML:PREFER_GPU"",""success"":true,""error"":""""}]",latency,whole-fp32,whole,3a28d4120813f0c346ed,9cbaf758665614cc38ad,
2026-07-16T01:21:15Z,fakeaudio,549143bc35c75f7f531dc900a901a5f6c8835d47de3cf833ab2579f8be72dcbb,GPU,DmlExecutionProvider,windows-ml,1.24.6,preferred,x64,Windows 11 (build 26200),ONNX Runtime (classifier),20,C:\Projects\apps\whisper-npu-hal\build\cache\benchmark\x64-winml\auto\fakeaudio\whole-fp32\gpu,0.583323,0.583323,0.560453,85.7264,81.8321,108.741,127.845,5,3,0.6,5.94143e-06,4,1,20,Resize x1,,,,ac,deepfake_1|deepfake|deepfake|0.999951|0.999951;deepfake_2|deepfake|deepfake|0.998114|0.998115;real_1|real|deepfake|0.999451|0.999452;real_2|real|deepfake|0.998428|0.998430;real_3|real|real|0.004820|0.004814,ok,auto,DmlExecutionProvider,false,"[{""provider"":""WindowsML:PREFER_GPU"",""success"":true,""error"":""""}]",latency,whole-fp32,whole,3a28d4120813f0c346ed,f5ba77e88baf681d1321,
2026-07-16T01:22:27Z,tsc,90f2ed1b3f1a469f36e416ceeb6121da8de72152f69c61e5a14865ee045834e0,CPU,CPUExecutionProvider,windows-ml,1.24.6,f32,x64,Windows 11 (build 26200),ONNX Runtime (classifier),20,C:\Projects\apps\whisper-npu-hal\build\cache\benchmark\x64-winml\auto\tsc\whole-fp32\cpu,0.221041,0.221041,0.222486,151.863,152.296,155.454,328.565,15,14,0.933333,1.92312e-06,0,219,100,"Add x8, Cast x4, CumSum x1, Equal x1, Expand x1, FusedGemm x1, FusedMatMul x6, Gather x3, Gelu x6, Gemm x37, MatMul x6, Mul x1, Not x1, Reshape x96, SkipLayerNormalization x13, Softmax x6, Sub x1, Transpose x24, Unsqueeze x2, Where x1",,,,ac,scam_0|scam|clean|0.036887|0.036887;scam_1|scam|scam|0.999978|0.999978;scam_2|scam|scam|0.909333|0.909333;scam_3|scam|scam|0.999245|0.999245;scam_4|scam|scam|0.999844|0.999844;scam_5|scam|scam|0.990409|0.990409;scam_6|scam|scam|0.972070|0.972070;scam_7|scam|scam|0.940432|0.940434;clean_8|clean|clean|0.000001|0.000001;clean_9|clean|clean|0.000002|0.000002;clean_10|clean|clean|0.000003|0.000003;clean_11|clean|clean|0.000003|0.000003;clean_12|clean|clean|0.013058|0.013057;clean_13|clean|clean|0.000701|0.000701;clean_14|clean|clean|0.001439|0.001439,ok,auto,CPUExecutionProvider,false,"[{""provider"":""WindowsML:PREFER_CPU"",""success"":true,""error"":""""}]",latency,whole-fp32,whole,3a28d4120813f0c346ed,641c92fd55cc2bdde44a,
2026-07-16T01:22:38Z,fakeaudio,549143bc35c75f7f531dc900a901a5f6c8835d47de3cf833ab2579f8be72dcbb,CPU,CPUExecutionProvider,windows-ml,1.24.6,f32,x64,Windows 11 (build 26200),ONNX Runtime (classifier),20,C:\Projects\apps\whisper-npu-hal\build\cache\benchmark\x64-winml\auto\fakeaudio\whole-fp32\cpu,0.220723,0.220723,0.207678,91.7324,97.2481,101.894,127.845,5,3,0.6,2.15707e-08,0,512,100,"Add x41, BatchNormalization x1, Clip x1, Concat x23, Conv x3, Div x1, Flatten x1, FusedGemm x2, FusedMatMul x12, Gelu x13, Gemm x50, GlobalAveragePool x1, LayerNormalization x29, Log x1, MatMul x17, Mul x1, Pad x1, Pow x2, ReorderOutput x1, Reshape x151, Resize x1, SkipLayerNormalization x1, Slice x18, Softmax x12, Split x32, Squeeze x36, Transpose x57, Unsqueeze x3",,,,ac,deepfake_1|deepfake|deepfake|0.999951|0.999951;deepfake_2|deepfake|deepfake|0.998115|0.998115;real_1|real|deepfake|0.999452|0.999452;real_2|real|deepfake|0.998430|0.998430;real_3|real|real|0.004814|0.004814,ok,auto,CPUExecutionProvider,false,"[{""provider"":""WindowsML:PREFER_CPU"",""success"":true,""error"":""""}]",latency,whole-fp32,whole,3a28d4120813f0c346ed,1b8316d6346563c12d3a,
2026-07-16T09:19:01Z,tsc,90f2ed1b3f1a469f36e416ceeb6121da8de72152f69c61e5a14865ee045834e0,NPU,QNNExecutionProvider,onnxruntime-qnn,1.24.4,preferred,arm64,Windows 11 (build 26200),ONNX Runtime (classifier),20,C:\Projects\whisper-npu-hal\build\cache\benchmark\ARM64-qualcomm\auto\tsc\whole-fp32\npu,15.3294,15.3294,1.35686,20.1145,19.5748,22.141,328.565,15,14,0.933333,0.0473105,1,0,0,,0,251,ort-ep-graph-assignment,battery,scam_0|scam|clean|0.022977|0.036887;scam_1|scam|scam|0.999977|0.999978;scam_2|scam|scam|0.899298|0.909333;scam_3|scam|scam|0.999205|0.999245;scam_4|scam|scam|0.999831|0.999844;scam_5|scam|scam|0.986623|0.990409;scam_6|scam|scam|0.971211|0.972070;scam_7|scam|scam|0.893123|0.940434;clean_8|clean|clean|0.000001|0.000001;clean_9|clean|clean|0.000002|0.000002;clean_10|clean|clean|0.000003|0.000003;clean_11|clean|clean|0.000003|0.000003;clean_12|clean|clean|0.008864|0.013057;clean_13|clean|clean|0.000695|0.000701;clean_14|clean|clean|0.001793|0.001439,ok,auto,QNNExecutionProvider,false,"[{""provider"":""QNNExecutionProvider"",""success"":true,""error"":""""}]",latency,whole-fp32,whole,4a809306a32175ddebbd,fc55352e3cf39b919285,
2026-07-16T09:19:27Z,fakeaudio-bb-fp32,e4623e7ee2f3847b90f99f423bd8fa73168cf5d4a936a3c26433483fdf0752a5,NPU,QNNExecutionProvider,onnxruntime-qnn,1.24.4,preferred,arm64,Windows 11 (build 26200),ONNX Runtime (classifier),20,C:\Projects\whisper-npu-hal\build\cache\benchmark\ARM64-qualcomm\auto\fakeaudio\npu-split-generic\npu,11.5476,11.5476,0.907219,116.6,115.952,120.282,123.676,5,3,0.6,0.000839169,1,0,0,,0,585,ort-ep-graph-assignment,battery,deepfake_1|deepfake|deepfake|0.999947|0.999951;deepfake_2|deepfake|deepfake|0.998062|0.998115;real_1|real|deepfake|0.999474|0.999452;real_2|real|deepfake|0.998221|0.998430;real_3|real|real|0.005653|0.004814,ok,auto,QNNExecutionProvider,false,"[{""provider"":""QNNExecutionProvider"",""success"":true,""error"":""""}]",latency,npu-split-generic,backbone,4a809306a32175ddebbd,effdb97405ff615f373a;a3e355258aac48bb592d,
2026-07-16T09:20:46Z,tsc,90f2ed1b3f1a469f36e416ceeb6121da8de72152f69c61e5a14865ee045834e0,GPU,DmlExecutionProvider,onnxruntime-directml,1.24.4,f32,arm64,Windows 11 (build 26200),ONNX Runtime (classifier),20,C:\Projects\whisper-npu-hal\build\cache\benchmark\ARM64-qualcomm\auto\tsc\whole-fp32\gpu,0.909563,0.909563,0.88129,111.795,110.331,116.36,328.565,15,14,0.933333,1.07501e-06,1,0,0,,,,,battery,scam_0|scam|clean|0.036887|0.036887;scam_1|scam|scam|0.999978|0.999978;scam_2|scam|scam|0.909333|0.909333;scam_3|scam|scam|0.999245|0.999245;scam_4|scam|scam|0.999844|0.999844;scam_5|scam|scam|0.990408|0.990409;scam_6|scam|scam|0.972070|0.972070;scam_7|scam|scam|0.940433|0.940434;clean_8|clean|clean|0.000001|0.000001;clean_9|clean|clean|0.000002|0.000002;clean_10|clean|clean|0.000003|0.000003;clean_11|clean|clean|0.000003|0.000003;clean_12|clean|clean|0.013058|0.013057;clean_13|clean|clean|0.000701|0.000701;clean_14|clean|clean|0.001440|0.001439,ok,auto,DmlExecutionProvider,false,"[{""provider"":""DmlExecutionProvider"",""success"":true,""error"":""""}]",latency,whole-fp32,whole,4a809306a32175ddebbd,e1f8df2da19258bac0ea,
2026-07-16T09:20:57Z,fakeaudio,549143bc35c75f7f531dc900a901a5f6c8835d47de3cf833ab2579f8be72dcbb,GPU,DmlExecutionProvider,onnxruntime-directml,1.24.4,f32,arm64,Windows 11 (build 26200),ONNX Runtime (classifier),20,C:\Projects\whisper-npu-hal\build\cache\benchmark\ARM64-qualcomm\auto\fakeaudio\whole-fp32\gpu,0.78371,0.78371,0.806504,74.9638,76.5298,85.403,127.845,5,3,0.6,3.56091e-07,4,1,20,Resize x1,,,,battery,deepfake_1|deepfake|deepfake|0.999951|0.999951;deepfake_2|deepfake|deepfake|0.998115|0.998115;real_1|real|deepfake|0.999452|0.999452;real_2|real|deepfake|0.998430|0.998430;real_3|real|real|0.004814|0.004814,ok,auto,DmlExecutionProvider,false,"[{""provider"":""DmlExecutionProvider"",""success"":true,""error"":""""}]",latency,whole-fp32,whole,4a809306a32175ddebbd,69524e4f839a5c35f009,
2026-07-16T09:24:10Z,tsc,90f2ed1b3f1a469f36e416ceeb6121da8de72152f69c61e5a14865ee045834e0,NPU,VitisAIExecutionProvider,onnxruntime-vitisai,1.23.3,preferred,x64,Windows 11 (build 26200),ONNX Runtime (classifier),20,C:\Projects\apps\whisper-npu-hal\build\cache\benchmark\x64-amd\auto\tsc\whole-fp32\npu,132.453,132.453,1.6045,33.8041,33.7643,34.3621,328.565,15,14,0.933333,0.0567954,1,13,92.86,"Add x1, Cast x3, CumSum x1, Equal x1, Expand x1, Gather x2, Mul x1, Not x1, Unsqueeze x2",13,232,vitisai-cache-context-gops,battery,scam_0|scam|clean|0.012821|0.036887;scam_1|scam|scam|0.999983|0.999978;scam_2|scam|scam|0.914901|0.909333;scam_3|scam|scam|0.999464|0.999245;scam_4|scam|scam|0.999815|0.999844;scam_5|scam|scam|0.993096|0.990409;scam_6|scam|scam|0.982955|0.972070;scam_7|scam|scam|0.883638|0.940434;clean_8|clean|clean|0.000001|0.000001;clean_9|clean|clean|0.000002|0.000002;clean_10|clean|clean|0.000003|0.000003;clean_11|clean|clean|0.000002|0.000003;clean_12|clean|clean|0.022629|0.013057;clean_13|clean|clean|0.000527|0.000701;clean_14|clean|clean|0.000955|0.001439,ok,auto,VitisAIExecutionProvider,false,"[{""provider"":""VitisAIExecutionProvider"",""success"":true,""error"":""""}]",latency,whole-fp32,whole,e5a372a82b75180bc40a,69147913e925b0a36281,
2026-07-16T09:31:13Z,fakeaudio-bb-fp32,e4623e7ee2f3847b90f99f423bd8fa73168cf5d4a936a3c26433483fdf0752a5,NPU,VitisAIExecutionProvider,onnxruntime-vitisai,1.23.3,preferred,x64,Windows 11 (build 26200),ONNX Runtime (classifier),20,C:\Projects\apps\whisper-npu-hal\build\cache\benchmark\x64-amd\auto\fakeaudio\npu-split-generic\npu,413.972,413.972,1.08541,62.2376,66.5645,71.4731,123.676,5,3,0.6,0.0115893,1,6,85.71,"BatchNormalization x1, Div x1, Mul x1, Resize x1, Transpose x2",6,578,vitisai-cache-context-gops,battery,deepfake_1|deepfake|deepfake|0.999923|0.999951;deepfake_2|deepfake|deepfake|0.999144|0.998115;real_1|real|deepfake|0.999718|0.999452;real_2|real|deepfake|0.998451|0.998430;real_3|real|real|0.016403|0.004814,ok,auto,VitisAIExecutionProvider,false,"[{""provider"":""VitisAIExecutionProvider"",""success"":true,""error"":""""}]",latency,npu-split-generic,backbone,e5a372a82b75180bc40a,de26531c9f1673ce8700;5be21ba4c1120600d9f8,
2026-07-16T09:32:04Z,tsc,90f2ed1b3f1a469f36e416ceeb6121da8de72152f69c61e5a14865ee045834e0,CPU,CPUExecutionProvider,onnxruntime,1.24.4,f32,arm64,Windows 11 (build 26200),ONNX Runtime (classifier),20,C:\Projects\whisper-npu-hal\build\cache\benchmark\ARM64-qualcomm\auto\tsc\whole-fp32\cpu,0.694884,0.694884,0.679414,1560,1560.5,1720.01,328.565,15,14,0.933333,1.51995e-06,0,219,100,"Add x8, Cast x4, CumSum x1, Equal x1, Expand x1, FusedGemm x1, FusedMatMul x6, Gather x3, Gelu x6, Gemm x37, MatMul x6, Mul x1, Not x1, Reshape x96, SkipLayerNormalization x13, Softmax x6, Sub x1, Transpose x24, Unsqueeze x2, Where x1",,,,battery,scam_0|scam|clean|0.036888|0.036887;scam_1|scam|scam|0.999978|0.999978;scam_2|scam|scam|0.909333|0.909333;scam_3|scam|scam|0.999245|0.999245;scam_4|scam|scam|0.999844|0.999844;scam_5|scam|scam|0.990409|0.990409;scam_6|scam|scam|0.972070|0.972070;scam_7|scam|scam|0.940432|0.940434;clean_8|clean|clean|0.000001|0.000001;clean_9|clean|clean|0.000002|0.000002;clean_10|clean|clean|0.000003|0.000003;clean_11|clean|clean|0.000003|0.000003;clean_12|clean|clean|0.013058|0.013057;clean_13|clean|clean|0.000701|0.000701;clean_14|clean|clean|0.001439|0.001439,ok,auto,CPUExecutionProvider,false,"[{""provider"":""CPUExecutionProvider"",""success"":true,""error"":""""}]",latency,whole-fp32,whole,4a809306a32175ddebbd,ad0ff5c9d766322bb1e7,
2026-07-16T09:32:04Z,tsc,90f2ed1b3f1a469f36e416ceeb6121da8de72152f69c61e5a14865ee045834e0,GPU,DmlExecutionProvider,onnxruntime-directml,1.23.3,f32,x64,Windows 11 (build 26200),ONNX Runtime (classifier),20,C:\Projects\apps\whisper-npu-hal\build\cache\benchmark\x64-amd\auto\tsc\whole-fp32\gpu,0.586788,0.586788,0.536343,60.1467,60.0324,62.1065,328.565,15,14,0.933333,0.000306238,1,0,0,,,,,battery,scam_0|scam|clean|0.036580|0.036887;scam_1|scam|scam|0.999978|0.999978;scam_2|scam|scam|0.909418|0.909333;scam_3|scam|scam|0.999246|0.999245;scam_4|scam|scam|0.999844|0.999844;scam_5|scam|scam|0.990415|0.990409;scam_6|scam|scam|0.971938|0.972070;scam_7|scam|scam|0.940415|0.940434;clean_8|clean|clean|0.000001|0.000001;clean_9|clean|clean|0.000002|0.000002;clean_10|clean|clean|0.000003|0.000003;clean_11|clean|clean|0.000003|0.000003;clean_12|clean|clean|0.013069|0.013057;clean_13|clean|clean|0.000700|0.000701;clean_14|clean|clean|0.001440|0.001439,ok,auto,DmlExecutionProvider,false,"[{""provider"":""DmlExecutionProvider"",""success"":true,""error"":""""}]",latency,whole-fp32,whole,e5a372a82b75180bc40a,07f0f6be3b9004cda9f1,
2026-07-16T09:32:15Z,fakeaudio,549143bc35c75f7f531dc900a901a5f6c8835d47de3cf833ab2579f8be72dcbb,GPU,DmlExecutionProvider,onnxruntime-directml,1.23.3,f32,x64,Windows 11 (build 26200),ONNX Runtime (classifier),20,C:\Projects\apps\whisper-npu-hal\build\cache\benchmark\x64-amd\auto\fakeaudio\whole-fp32\gpu,0.942349,0.942349,0.836582,73.528,74.5069,82.8497,127.845,5,3,0.6,5.94143e-06,4,1,20,Resize x1,,,,battery,deepfake_1|deepfake|deepfake|0.999951|0.999951;deepfake_2|deepfake|deepfake|0.998114|0.998115;real_1|real|deepfake|0.999451|0.999452;real_2|real|deepfake|0.998428|0.998430;real_3|real|real|0.004820|0.004814,ok,auto,DmlExecutionProvider,false,"[{""provider"":""DmlExecutionProvider"",""success"":true,""error"":""""}]",latency,whole-fp32,whole,e5a372a82b75180bc40a,deee0a94a087965645d9,
2026-07-16T09:33:12Z,tsc,90f2ed1b3f1a469f36e416ceeb6121da8de72152f69c61e5a14865ee045834e0,CPU,CPUExecutionProvider,onnxruntime,1.23.3,f32,x64,Windows 11 (build 26200),ONNX Runtime (classifier),20,C:\Projects\apps\whisper-npu-hal\build\cache\benchmark\x64-amd\auto\tsc\whole-fp32\cpu,0.487182,0.487182,0.340753,112.377,110.731,119.958,328.565,15,14,0.933333,1.92312e-06,0,219,100,"Add x8, Cast x4, CumSum x1, Equal x1, Expand x1, FusedGemm x1, FusedMatMul x6, Gather x3, Gelu x6, Gemm x37, MatMul x6, Mul x1, Not x1, Reshape x96, SkipLayerNormalization x13, Softmax x6, Sub x1, Transpose x24, Unsqueeze x2, Where x1",,,,battery,scam_0|scam|clean|0.036887|0.036887;scam_1|scam|scam|0.999978|0.999978;scam_2|scam|scam|0.909333|0.909333;scam_3|scam|scam|0.999245|0.999245;scam_4|scam|scam|0.999844|0.999844;scam_5|scam|scam|0.990409|0.990409;scam_6|scam|scam|0.972070|0.972070;scam_7|scam|scam|0.940432|0.940434;clean_8|clean|clean|0.000001|0.000001;clean_9|clean|clean|0.000002|0.000002;clean_10|clean|clean|0.000003|0.000003;clean_11|clean|clean|0.000003|0.000003;clean_12|clean|clean|0.013058|0.013057;clean_13|clean|clean|0.000701|0.000701;clean_14|clean|clean|0.001439|0.001439,ok,auto,CPUExecutionProvider,false,"[{""provider"":""CPUExecutionProvider"",""success"":true,""error"":""""}]",latency,whole-fp32,whole,e5a372a82b75180bc40a,1a27930146c4212ef52d,
2026-07-16T09:33:21Z,fakeaudio,549143bc35c75f7f531dc900a901a5f6c8835d47de3cf833ab2579f8be72dcbb,CPU,CPUExecutionProvider,onnxruntime,1.23.3,f32,x64,Windows 11 (build 26200),ONNX Runtime (classifier),20,C:\Projects\apps\whisper-npu-hal\build\cache\benchmark\x64-amd\auto\fakeaudio\whole-fp32\cpu,0.392868,0.392868,0.32484,70.7806,66.4171,86.8289,127.845,5,3,0.6,2.15707e-08,0,512,100,"Add x41, BatchNormalization x1, Clip x1, Concat x23, Conv x3, Div x1, Flatten x1, FusedGemm x2, FusedMatMul x12, Gelu x13, Gemm x50, GlobalAveragePool x1, LayerNormalization x29, Log x1, MatMul x17, Mul x1, Pad x1, Pow x2, ReorderOutput x1, Reshape x151, Resize x1, SkipLayerNormalization x1, Slice x18, Softmax x12, Split x32, Squeeze x36, Transpose x57, Unsqueeze x3",,,,battery,deepfake_1|deepfake|deepfake|0.999951|0.999951;deepfake_2|deepfake|deepfake|0.998115|0.998115;real_1|real|deepfake|0.999452|0.999452;real_2|real|deepfake|0.998430|0.998430;real_3|real|real|0.004814|0.004814,ok,auto,CPUExecutionProvider,false,"[{""provider"":""CPUExecutionProvider"",""success"":true,""error"":""""}]",latency,whole-fp32,whole,e5a372a82b75180bc40a,3edf5a172894a80b52d6,
2026-07-16T09:34:00Z,fakeaudio,549143bc35c75f7f531dc900a901a5f6c8835d47de3cf833ab2579f8be72dcbb,CPU,CPUExecutionProvider,onnxruntime,1.24.4,f32,arm64,Windows 11 (build 26200),ONNX Runtime (classifier),20,C:\Projects\whisper-npu-hal\build\cache\benchmark\ARM64-qualcomm\auto\fakeaudio\whole-fp32\cpu,0.429846,0.429846,0.437901,1080.86,1058.37,1263.5,127.845,5,3,0.6,1.84126e-08,0,511,100,"Add x41, BatchNormalization x1, Clip x1, Concat x23, Conv x3, Div x1, Flatten x1, FusedGemm x2, FusedMatMul x12, Gelu x13, Gemm x50, GlobalAveragePool x1, LayerNormalization x29, Log x1, MatMul x17, Mul x1, Pad x1, Pow x2, Reshape x151, Resize x1, SkipLayerNormalization x1, Slice x18, Softmax x12, Split x32, Squeeze x36, Transpose x57, Unsqueeze x3",,,,battery,deepfake_1|deepfake|deepfake|0.999951|0.999951;deepfake_2|deepfake|deepfake|0.998115|0.998115;real_1|real|deepfake|0.999452|0.999452;real_2|real|deepfake|0.998430|0.998430;real_3|real|real|0.004814|0.004814,ok,auto,CPUExecutionProvider,false,"[{""provider"":""CPUExecutionProvider"",""success"":true,""error"":""""}]",latency,whole-fp32,whole,4a809306a32175ddebbd,1d12e06c652174e91290,
2026-07-16T09:35:52Z,tsc,90f2ed1b3f1a469f36e416ceeb6121da8de72152f69c61e5a14865ee045834e0,NPU,QNNExecutionProvider,windows-ml,1.24.6,preferred,arm64,Windows 11 (build 26200),ONNX Runtime (classifier),20,C:\Projects\whisper-npu-hal\build\cache\benchmark\ARM64-winml\auto\tsc\whole-fp32\npu,21.2871,21.2871,21.7164,20.3808,19.5173,22.4437,328.565,15,14,0.933333,0.0473105,1,0,0,,0,251,ort-ep-graph-assignment,battery,scam_0|scam|clean|0.022977|0.036887;scam_1|scam|scam|0.999977|0.999978;scam_2|scam|scam|0.899298|0.909333;scam_3|scam|scam|0.999205|0.999245;scam_4|scam|scam|0.999831|0.999844;scam_5|scam|scam|0.986623|0.990409;scam_6|scam|scam|0.971211|0.972070;scam_7|scam|scam|0.893123|0.940434;clean_8|clean|clean|0.000001|0.000001;clean_9|clean|clean|0.000002|0.000002;clean_10|clean|clean|0.000003|0.000003;clean_11|clean|clean|0.000003|0.000003;clean_12|clean|clean|0.008864|0.013057;clean_13|clean|clean|0.000695|0.000701;clean_14|clean|clean|0.001793|0.001439,ok,auto,QNNExecutionProvider,false,"[{""provider"":""WindowsML:PREFER_NPU"",""success"":true,""error"":""""}]",latency,whole-fp32,whole,3657e3dea912965720d5,c44cc3cf55cfb0526de5,
2026-07-16T09:36:43Z,fakeaudio-bb-fp32,e4623e7ee2f3847b90f99f423bd8fa73168cf5d4a936a3c26433483fdf0752a5,NPU,QNNExecutionProvider,windows-ml,1.24.6,preferred,arm64,Windows 11 (build 26200),ONNX Runtime (classifier),20,C:\Projects\whisper-npu-hal\build\cache\benchmark\ARM64-winml\auto\fakeaudio\npu-split-generic\npu,18.6444,18.6444,19.2011,110.402,108.982,113.656,123.676,5,3,0.6,0.000839169,1,0,0,,0,585,ort-ep-graph-assignment,battery,deepfake_1|deepfake|deepfake|0.999947|0.999951;deepfake_2|deepfake|deepfake|0.998062|0.998115;real_1|real|deepfake|0.999474|0.999452;real_2|real|deepfake|0.998221|0.998430;real_3|real|real|0.005653|0.004814,ok,auto,QNNExecutionProvider,false,"[{""provider"":""WindowsML:PREFER_NPU"",""success"":true,""error"":""""}]",latency,npu-split-generic,backbone,3657e3dea912965720d5,3fada7c144fe8d14d84e;5350d209397d1c5983c6,
2026-07-16T09:37:55Z,tsc,90f2ed1b3f1a469f36e416ceeb6121da8de72152f69c61e5a14865ee045834e0,GPU,DmlExecutionProvider,windows-ml,1.24.6,preferred,arm64,Windows 11 (build 26200),ONNX Runtime (classifier),20,C:\Projects\whisper-npu-hal\build\cache\benchmark\ARM64-winml\auto\tsc\whole-fp32\gpu,0.870312,0.870312,0.804526,91.4576,94.7341,100.687,328.565,15,14,0.933333,1.07501e-06,1,0,0,,,,,battery,scam_0|scam|clean|0.036887|0.036887;scam_1|scam|scam|0.999978|0.999978;scam_2|scam|scam|0.909333|0.909333;scam_3|scam|scam|0.999245|0.999245;scam_4|scam|scam|0.999844|0.999844;scam_5|scam|scam|0.990408|0.990409;scam_6|scam|scam|0.972070|0.972070;scam_7|scam|scam|0.940433|0.940434;clean_8|clean|clean|0.000001|0.000001;clean_9|clean|clean|0.000002|0.000002;clean_10|clean|clean|0.000003|0.000003;clean_11|clean|clean|0.000003|0.000003;clean_12|clean|clean|0.013058|0.013057;clean_13|clean|clean|0.000701|0.000701;clean_14|clean|clean|0.001440|0.001439,ok,auto,DmlExecutionProvider,false,"[{""provider"":""WindowsML:PREFER_GPU"",""success"":true,""error"":""""}]",latency,whole-fp32,whole,3657e3dea912965720d5,91fb1e35d1556ee9c21a,
2026-07-16T09:38:05Z,fakeaudio,549143bc35c75f7f531dc900a901a5f6c8835d47de3cf833ab2579f8be72dcbb,GPU,DmlExecutionProvider,windows-ml,1.24.6,preferred,arm64,Windows 11 (build 26200),ONNX Runtime (classifier),20,C:\Projects\whisper-npu-hal\build\cache\benchmark\ARM64-winml\auto\fakeaudio\whole-fp32\gpu,0.750944,0.750944,0.667477,70.0204,72.532,81.2702,127.845,5,3,0.6,3.56091e-07,4,1,20,Resize x1,,,,battery,deepfake_1|deepfake|deepfake|0.999951|0.999951;deepfake_2|deepfake|deepfake|0.998115|0.998115;real_1|real|deepfake|0.999452|0.999452;real_2|real|deepfake|0.998430|0.998430;real_3|real|real|0.004814|0.004814,ok,auto,DmlExecutionProvider,false,"[{""provider"":""WindowsML:PREFER_GPU"",""success"":true,""error"":""""}]",latency,whole-fp32,whole,3657e3dea912965720d5,09fbed50f919efdba7da,
2026-07-16T09:40:35Z,tsc,90f2ed1b3f1a469f36e416ceeb6121da8de72152f69c61e5a14865ee045834e0,CPU,CPUExecutionProvider,windows-ml,1.24.6,f32,arm64,Windows 11 (build 26200),ONNX Runtime (classifier),20,C:\Projects\whisper-npu-hal\build\cache\benchmark\ARM64-winml\auto\tsc\whole-fp32\cpu,0.708835,0.708835,0.706989,329.023,317.879,345.952,328.565,15,14,0.933333,1.51995e-06,0,219,100,"Add x8, Cast x4, CumSum x1, Equal x1, Expand x1, FusedGemm x1, FusedMatMul x6, Gather x3, Gelu x6, Gemm x37, MatMul x6, Mul x1, Not x1, Reshape x96, SkipLayerNormalization x13, Softmax x6, Sub x1, Transpose x24, Unsqueeze x2, Where x1",,,,battery,scam_0|scam|clean|0.036888|0.036887;scam_1|scam|scam|0.999978|0.999978;scam_2|scam|scam|0.909333|0.909333;scam_3|scam|scam|0.999245|0.999245;scam_4|scam|scam|0.999844|0.999844;scam_5|scam|scam|0.990409|0.990409;scam_6|scam|scam|0.972070|0.972070;scam_7|scam|scam|0.940432|0.940434;clean_8|clean|clean|0.000001|0.000001;clean_9|clean|clean|0.000002|0.000002;clean_10|clean|clean|0.000003|0.000003;clean_11|clean|clean|0.000003|0.000003;clean_12|clean|clean|0.013058|0.013057;clean_13|clean|clean|0.000701|0.000701;clean_14|clean|clean|0.001439|0.001439,ok,auto,CPUExecutionProvider,false,"[{""provider"":""WindowsML:PREFER_CPU"",""success"":true,""error"":""""}]",latency,whole-fp32,whole,3657e3dea912965720d5,8bd1df37e4062617fb56,
2026-07-16T09:40:54Z,fakeaudio,549143bc35c75f7f531dc900a901a5f6c8835d47de3cf833ab2579f8be72dcbb,CPU,CPUExecutionProvider,windows-ml,1.24.6,f32,arm64,Windows 11 (build 26200),ONNX Runtime (classifier),20,C:\Projects\whisper-npu-hal\build\cache\benchmark\ARM64-winml\auto\fakeaudio\whole-fp32\cpu,0.465011,0.465011,0.469412,158.894,152.231,172.436,127.845,5,3,0.6,1.84126e-08,0,511,100,"Add x41, BatchNormalization x1, Clip x1, Concat x23, Conv x3, Div x1, Flatten x1, FusedGemm x2, FusedMatMul x12, Gelu x13, Gemm x50, GlobalAveragePool x1, LayerNormalization x29, Log x1, MatMul x17, Mul x1, Pad x1, Pow x2, Reshape x151, Resize x1, SkipLayerNormalization x1, Slice x18, Softmax x12, Split x32, Squeeze x36, Transpose x57, Unsqueeze x3",,,,battery,deepfake_1|deepfake|deepfake|0.999951|0.999951;deepfake_2|deepfake|deepfake|0.998115|0.998115;real_1|real|deepfake|0.999452|0.999452;real_2|real|deepfake|0.998430|0.998430;real_3|real|real|0.004814|0.004814,ok,auto,CPUExecutionProvider,false,"[{""provider"":""WindowsML:PREFER_CPU"",""success"":true,""error"":""""}]",latency,whole-fp32,whole,3657e3dea912965720d5,39e4540dc27e4709cd8a,
2026-07-16T09:41:09Z,tsc,90f2ed1b3f1a469f36e416ceeb6121da8de72152f69c61e5a14865ee045834e0,NPU,VitisAIExecutionProvider,windows-ml,1.24.6,preferred,x64,Windows 11 (build 26200),ONNX Runtime (classifier),20,C:\Projects\apps\whisper-npu-hal\build\cache\benchmark\x64-winml\auto\tsc\whole-fp32\npu,136.142,136.142,1.52241,44.5718,45.4579,48.3926,328.565,15,14,0.933333,0.0567954,1,13,92.86,"Add x1, Cast x3, CumSum x1, Equal x1, Expand x1, Gather x2, Mul x1, Not x1, Unsqueeze x2",13,232,ort-ep-graph-assignment,battery,scam_0|scam|clean|0.012821|0.036887;scam_1|scam|scam|0.999983|0.999978;scam_2|scam|scam|0.914901|0.909333;scam_3|scam|scam|0.999464|0.999245;scam_4|scam|scam|0.999815|0.999844;scam_5|scam|scam|0.993096|0.990409;scam_6|scam|scam|0.982955|0.972070;scam_7|scam|scam|0.883638|0.940434;clean_8|clean|clean|0.000001|0.000001;clean_9|clean|clean|0.000002|0.000002;clean_10|clean|clean|0.000003|0.000003;clean_11|clean|clean|0.000002|0.000003;clean_12|clean|clean|0.022629|0.013057;clean_13|clean|clean|0.000527|0.000701;clean_14|clean|clean|0.000955|0.001439,ok,auto,VitisAIExecutionProvider,false,"[{""provider"":""WindowsML:PREFER_NPU"",""success"":true,""error"":""""}]",latency,whole-fp32,whole,a8c9cec6e1a785447bf8,6eb7c691f16071bf2474,
2026-07-16T09:41:53Z,fakeaudio,549143bc35c75f7f531dc900a901a5f6c8835d47de3cf833ab2579f8be72dcbb,NPU,QNNExecutionProvider,onnxruntime-qnn,1.24.4,preferred,arm64,Windows 11 (build 26200),ONNX Runtime (classifier),20,C:\Projects\whisper-npu-hal\build\cache\benchmark\ARM64-qualcomm\auto\fakeaudio\npu-whole-diagnostic\npu,33.7375,33.7375,1.20373,129.947,128.912,133.042,127.845,5,4,0.8,0.932525,1,0,0,,0,598,ort-ep-graph-assignment,battery,deepfake_1|deepfake|deepfake|0.979919|0.999951;deepfake_2|deepfake|deepfake|0.959345|0.998115;real_1|real|deepfake|0.999656|0.999452;real_2|real|real|0.065905|0.998430;real_3|real|real|0.438004|0.004814,ok,auto,QNNExecutionProvider,false,"[{""provider"":""QNNExecutionProvider"",""success"":true,""error"":""""}]",latency,npu-whole-diagnostic,whole,d63262cc1d64b3faa485,0725b77089e8ff57a15c,
2026-07-16T09:43:20Z,fakeaudio,549143bc35c75f7f531dc900a901a5f6c8835d47de3cf833ab2579f8be72dcbb,NPU,QNNExecutionProvider,windows-ml,1.24.6,preferred,arm64,Windows 11 (build 26200),ONNX Runtime (classifier),20,C:\Projects\whisper-npu-hal\build\cache\benchmark\ARM64-winml\auto\fakeaudio\npu-whole-diagnostic\npu,31.7345,31.7345,33.321,131.992,129.025,136.614,127.845,5,4,0.8,0.932525,1,0,0,,0,598,ort-ep-graph-assignment,battery,deepfake_1|deepfake|deepfake|0.979919|0.999951;deepfake_2|deepfake|deepfake|0.959345|0.998115;real_1|real|deepfake|0.999656|0.999452;real_2|real|real|0.065905|0.998430;real_3|real|real|0.438004|0.004814,ok,auto,QNNExecutionProvider,false,"[{""provider"":""WindowsML:PREFER_NPU"",""success"":true,""error"":""""}]",latency,npu-whole-diagnostic,whole,8f480ab12cc00db8ffc3,3582295c8ead7f5b28c0,
2026-07-16T09:48:29Z,fakeaudio-bb-fp32,e4623e7ee2f3847b90f99f423bd8fa73168cf5d4a936a3c26433483fdf0752a5,NPU,VitisAIExecutionProvider,windows-ml,1.24.6,preferred,x64,Windows 11 (build 26200),ONNX Runtime (classifier),20,C:\Projects\apps\whisper-npu-hal\build\cache\benchmark\x64-winml\auto\fakeaudio\npu-split-generic\npu,428.33,428.33,0.919967,82.6172,77.2052,101.111,123.676,5,3,0.6,0.0115893,1,6,85.71,"BatchNormalization x1, Div x1, Mul x1, Resize x1, Transpose x2",6,578,ort-ep-graph-assignment,battery,deepfake_1|deepfake|deepfake|0.999923|0.999951;deepfake_2|deepfake|deepfake|0.999144|0.998115;real_1|real|deepfake|0.999718|0.999452;real_2|real|deepfake|0.998451|0.998430;real_3|real|real|0.016403|0.004814,ok,auto,VitisAIExecutionProvider,false,"[{""provider"":""WindowsML:PREFER_NPU"",""success"":true,""error"":""""}]",latency,npu-split-generic,backbone,a8c9cec6e1a785447bf8,9fc7b8dc9712dd994446;c1bed83fab0847e37d9b,
2026-07-16T09:49:23Z,tsc,90f2ed1b3f1a469f36e416ceeb6121da8de72152f69c61e5a14865ee045834e0,GPU,DmlExecutionProvider,windows-ml,1.24.6,preferred,x64,Windows 11 (build 26200),ONNX Runtime (classifier),20,C:\Projects\apps\whisper-npu-hal\build\cache\benchmark\x64-winml\auto\tsc\whole-fp32\gpu,0.550492,0.550492,0.555554,66.1426,64.1111,66.5161,328.565,15,14,0.933333,0.000306238,1,0,0,,,,,battery,scam_0|scam|clean|0.036580|0.036887;scam_1|scam|scam|0.999978|0.999978;scam_2|scam|scam|0.909418|0.909333;scam_3|scam|scam|0.999246|0.999245;scam_4|scam|scam|0.999844|0.999844;scam_5|scam|scam|0.990415|0.990409;scam_6|scam|scam|0.971938|0.972070;scam_7|scam|scam|0.940415|0.940434;clean_8|clean|clean|0.000001|0.000001;clean_9|clean|clean|0.000002|0.000002;clean_10|clean|clean|0.000003|0.000003;clean_11|clean|clean|0.000003|0.000003;clean_12|clean|clean|0.013069|0.013057;clean_13|clean|clean|0.000700|0.000701;clean_14|clean|clean|0.001440|0.001439,ok,auto,DmlExecutionProvider,false,"[{""provider"":""WindowsML:PREFER_GPU"",""success"":true,""error"":""""}]",latency,whole-fp32,whole,a8c9cec6e1a785447bf8,bf5cbbf688ba881cedfc,
2026-07-16T09:49:37Z,fakeaudio,549143bc35c75f7f531dc900a901a5f6c8835d47de3cf833ab2579f8be72dcbb,GPU,DmlExecutionProvider,windows-ml,1.24.6,preferred,x64,Windows 11 (build 26200),ONNX Runtime (classifier),20,C:\Projects\apps\whisper-npu-hal\build\cache\benchmark\x64-winml\auto\fakeaudio\whole-fp32\gpu,0.962419,0.962419,0.765888,87.1535,80.2765,108.231,127.845,5,3,0.6,5.94143e-06,4,1,20,Resize x1,,,,battery,deepfake_1|deepfake|deepfake|0.999951|0.999951;deepfake_2|deepfake|deepfake|0.998114|0.998115;real_1|real|deepfake|0.999451|0.999452;real_2|real|deepfake|0.998428|0.998430;real_3|real|real|0.004820|0.004814,ok,auto,DmlExecutionProvider,false,"[{""provider"":""WindowsML:PREFER_GPU"",""success"":true,""error"":""""}]",latency,whole-fp32,whole,a8c9cec6e1a785447bf8,41e536756c9f30782868,
2026-07-16T09:50:50Z,tsc,90f2ed1b3f1a469f36e416ceeb6121da8de72152f69c61e5a14865ee045834e0,CPU,CPUExecutionProvider,windows-ml,1.24.6,f32,x64,Windows 11 (build 26200),ONNX Runtime (classifier),20,C:\Projects\apps\whisper-npu-hal\build\cache\benchmark\x64-winml\auto\tsc\whole-fp32\cpu,0.322823,0.322823,0.326937,149.345,155.598,160.552,328.565,15,14,0.933333,1.92312e-06,0,219,100,"Add x8, Cast x4, CumSum x1, Equal x1, Expand x1, FusedGemm x1, FusedMatMul x6, Gather x3, Gelu x6, Gemm x37, MatMul x6, Mul x1, Not x1, Reshape x96, SkipLayerNormalization x13, Softmax x6, Sub x1, Transpose x24, Unsqueeze x2, Where x1",,,,battery,scam_0|scam|clean|0.036887|0.036887;scam_1|scam|scam|0.999978|0.999978;scam_2|scam|scam|0.909333|0.909333;scam_3|scam|scam|0.999245|0.999245;scam_4|scam|scam|0.999844|0.999844;scam_5|scam|scam|0.990409|0.990409;scam_6|scam|scam|0.972070|0.972070;scam_7|scam|scam|0.940432|0.940434;clean_8|clean|clean|0.000001|0.000001;clean_9|clean|clean|0.000002|0.000002;clean_10|clean|clean|0.000003|0.000003;clean_11|clean|clean|0.000003|0.000003;clean_12|clean|clean|0.013058|0.013057;clean_13|clean|clean|0.000701|0.000701;clean_14|clean|clean|0.001439|0.001439,ok,auto,CPUExecutionProvider,false,"[{""provider"":""WindowsML:PREFER_CPU"",""success"":true,""error"":""""}]",latency,whole-fp32,whole,a8c9cec6e1a785447bf8,e136e57a9eeb501d8290,
2026-07-16T09:51:03Z,fakeaudio,549143bc35c75f7f531dc900a901a5f6c8835d47de3cf833ab2579f8be72dcbb,CPU,CPUExecutionProvider,windows-ml,1.24.6,f32,x64,Windows 11 (build 26200),ONNX Runtime (classifier),20,C:\Projects\apps\whisper-npu-hal\build\cache\benchmark\x64-winml\auto\fakeaudio\whole-fp32\cpu,0.376699,0.376699,0.353042,101.308,101.228,104.024,127.845,5,3,0.6,2.15707e-08,0,512,100,"Add x41, BatchNormalization x1, Clip x1, Concat x23, Conv x3, Div x1, Flatten x1, FusedGemm x2, FusedMatMul x12, Gelu x13, Gemm x50, GlobalAveragePool x1, LayerNormalization x29, Log x1, MatMul x17, Mul x1, Pad x1, Pow x2, ReorderOutput x1, Reshape x151, Resize x1, SkipLayerNormalization x1, Slice x18, Softmax x12, Split x32, Squeeze x36, Transpose x57, Unsqueeze x3",,,,battery,deepfake_1|deepfake|deepfake|0.999951|0.999951;deepfake_2|deepfake|deepfake|0.998115|0.998115;real_1|real|deepfake|0.999452|0.999452;real_2|real|deepfake|0.998430|0.998430;real_3|real|real|0.004814|0.004814,ok,auto,CPUExecutionProvider,false,"[{""provider"":""WindowsML:PREFER_CPU"",""success"":true,""error"":""""}]",latency,whole-fp32,whole,a8c9cec6e1a785447bf8,323d66260c698ad6c191,
2026-07-21T14:03:46Z,tsc,90f2ed1b3f1a469f36e416ceeb6121da8de72152f69c61e5a14865ee045834e0,NPU,OpenVINOExecutionProvider,onnxruntime-openvino,1.24.1,preferred,x64,Windows 11 (build 26200),ONNX Runtime (classifier),40,C:\Users\Ondrej Dobias\.cursor\worktrees\whisper-npu-hal\tfkb\build\cache\benchmark\x64-ovep\openvino\tsc\whole-fp32\npu,6.7227,6.709,0.532545,8.52782,8.30205,9.66865,328.565,15,14,0.933333,0.00665452,1,0,0,,0,245,ort-ep-graph-assignment,ac,scam_0|scam|clean|0.036459|0.036887;scam_1|scam|scam|0.999978|0.999978;scam_2|scam|scam|0.911101|0.909333;scam_3|scam|scam|0.999234|0.999245;scam_4|scam|scam|0.999846|0.999844;scam_5|scam|scam|0.990660|0.990409;scam_6|scam|scam|0.972805|0.972070;scam_7|scam|scam|0.947088|0.940434;clean_8|clean|clean|0.000001|0.000001;clean_9|clean|clean|0.000002|0.000002;clean_10|clean|clean|0.000003|0.000003;clean_11|clean|clean|0.000003|0.000003;clean_12|clean|clean|0.013929|0.013057;clean_13|clean|clean|0.000714|0.000701;clean_14|clean|clean|0.001405|0.001439,ok,openvino,OpenVINOExecutionProvider,false,"[{""provider"":""openvino"",""success"":true,""error"":""""}]",latency,whole-fp32,whole,8531b0c61007b4bed2e4,441fbbc6348b19cec426,
2026-07-21T14:03:56Z,fakeaudio-bb-expanded-attention-bias,464a53e6a0faa31fccbf2f7a19407c031d80fa589f53ce65194f1fc82a5be546,NPU,OpenVINOExecutionProvider,onnxruntime-openvino,1.24.1,preferred,x64,Windows 11 (build 26200),ONNX Runtime (classifier),40,C:\Users\Ondrej Dobias\.cursor\worktrees\whisper-npu-hal\tfkb\build\cache\benchmark\x64-ovep\openvino\fakeaudio\npu-split-intel\npu,5.6464,5.6812,0.430614,23.536,23.461,24.1994,123.679,5,3,0.6,6.77675e-05,1,0,0,,0,584,ort-ep-graph-assignment,ac,deepfake_1|deepfake|deepfake|0.999950|0.999951;deepfake_2|deepfake|deepfake|0.998125|0.998115;real_1|real|deepfake|0.999457|0.999452;real_2|real|deepfake|0.998408|0.998430;real_3|real|real|0.004746|0.004814,ok,openvino,OpenVINOExecutionProvider,false,"[{""provider"":""openvino"",""success"":true,""error"":""""}]",latency,npu-split-intel,backbone,8531b0c61007b4bed2e4,b3aff0ae3c908e8ab503;e2411b90751507bef374,
2026-07-21T14:04:50Z,tsc,90f2ed1b3f1a469f36e416ceeb6121da8de72152f69c61e5a14865ee045834e0,GPU,DmlExecutionProvider,onnxruntime-directml,1.24.4,f32,x64,Windows 11 (build 26200),ONNX Runtime (classifier),40,C:\Users\Ondrej Dobias\.cursor\worktrees\whisper-npu-hal\tfkb\build\cache\benchmark\x64-dml\DmlExecutionProvider\tsc\whole-fp32\gpu,0.745484,0.765226,0.75356,44.2187,42.5082,64.7002,328.565,15,14,0.933333,1.58922e-06,1,0,0,,,,,ac,scam_0|scam|clean|0.036887|0.036887;scam_1|scam|scam|0.999978|0.999978;scam_2|scam|scam|0.909334|0.909333;scam_3|scam|scam|0.999245|0.999245;scam_4|scam|scam|0.999844|0.999844;scam_5|scam|scam|0.990408|0.990409;scam_6|scam|scam|0.972070|0.972070;scam_7|scam|scam|0.940432|0.940434;clean_8|clean|clean|0.000001|0.000001;clean_9|clean|clean|0.000002|0.000002;clean_10|clean|clean|0.000003|0.000003;clean_11|clean|clean|0.000003|0.000003;clean_12|clean|clean|0.013058|0.013057;clean_13|clean|clean|0.000701|0.000701;clean_14|clean|clean|0.001439|0.001439,ok,DmlExecutionProvider,DmlExecutionProvider,false,"[{""provider"":""DmlExecutionProvider"",""success"":true,""error"":""""}]",latency,whole-fp32,whole,1ea47f57a9b20bcfb488,12c2a4a844e42d23102e,
2026-07-21T14:04:59Z,fakeaudio,549143bc35c75f7f531dc900a901a5f6c8835d47de3cf833ab2579f8be72dcbb,GPU,DmlExecutionProvider,onnxruntime-directml,1.24.4,f32,x64,Windows 11 (build 26200),ONNX Runtime (classifier),40,C:\Users\Ondrej Dobias\.cursor\worktrees\whisper-npu-hal\tfkb\build\cache\benchmark\x64-dml\DmlExecutionProvider\fakeaudio\whole-fp32\gpu,0.925025,0.859505,0.870558,53.3631,56.6527,61.2468,127.845,5,3,0.6,1.62457e-07,4,1,20,Resize x1,,,,ac,deepfake_1|deepfake|deepfake|0.999951|0.999951;deepfake_2|deepfake|deepfake|0.998115|0.998115;real_1|real|deepfake|0.999452|0.999452;real_2|real|deepfake|0.998430|0.998430;real_3|real|real|0.004814|0.004814,ok,DmlExecutionProvider,DmlExecutionProvider,false,"[{""provider"":""DmlExecutionProvider"",""success"":true,""error"":""""}]",latency,whole-fp32,whole,1ea47f57a9b20bcfb488,29817866dcb447fc40a2,
2026-07-21T14:07:57Z,tsc,90f2ed1b3f1a469f36e416ceeb6121da8de72152f69c61e5a14865ee045834e0,CPU,CPUExecutionProvider,onnxruntime,1.24.4,f32,x64,Windows 11 (build 26200),ONNX Runtime (classifier),40,C:\Users\Ondrej Dobias\.cursor\worktrees\whisper-npu-hal\tfkb\build\cache\benchmark\x64\CPUExecutionProvider\tsc\whole-fp32\cpu,0.557518,0.580278,0.684723,294.276,316.72,436.267,328.565,15,14,0.933333,4.55356e-10,0,219,100,"Add x8, Cast x4, CumSum x1, Equal x1, Expand x1, FusedGemm x1, FusedMatMul x6, Gather x3, Gelu x6, Gemm x37, MatMul x6, Mul x1, Not x1, Reshape x96, SkipLayerNormalization x13, Softmax x6, Sub x1, Transpose x24, Unsqueeze x2, Where x1",,,,ac,scam_0|scam|clean|0.036887|0.036887;scam_1|scam|scam|0.999978|0.999978;scam_2|scam|scam|0.909333|0.909333;scam_3|scam|scam|0.999245|0.999245;scam_4|scam|scam|0.999844|0.999844;scam_5|scam|scam|0.990409|0.990409;scam_6|scam|scam|0.972070|0.972070;scam_7|scam|scam|0.940434|0.940434;clean_8|clean|clean|0.000001|0.000001;clean_9|clean|clean|0.000002|0.000002;clean_10|clean|clean|0.000003|0.000003;clean_11|clean|clean|0.000003|0.000003;clean_12|clean|clean|0.013057|0.013057;clean_13|clean|clean|0.000701|0.000701;clean_14|clean|clean|0.001439|0.001439,ok,CPUExecutionProvider,CPUExecutionProvider,false,"[{""provider"":""CPUExecutionProvider"",""success"":true,""error"":""""}]",latency,whole-fp32,whole,1618ebebd4476cb9aaf3,9d8f501b0c8f69c2b501,
2026-07-21T14:08:15Z,fakeaudio,549143bc35c75f7f531dc900a901a5f6c8835d47de3cf833ab2579f8be72dcbb,CPU,CPUExecutionProvider,onnxruntime,1.24.4,f32,x64,Windows 11 (build 26200),ONNX Runtime (classifier),40,C:\Users\Ondrej Dobias\.cursor\worktrees\whisper-npu-hal\tfkb\build\cache\benchmark\x64\CPUExecutionProvider\fakeaudio\whole-fp32\cpu,0.68026,0.6493,0.637483,135.66,143.167,172.682,127.845,5,3,0.6,2.25689e-08,0,512,100,"Add x41, BatchNormalization x1, Clip x1, Concat x23, Conv x3, Div x1, Flatten x1, FusedGemm x2, FusedMatMul x12, Gelu x13, Gemm x50, GlobalAveragePool x1, LayerNormalization x29, Log x1, MatMul x17, Mul x1, Pad x1, Pow x2, ReorderOutput x1, Reshape x151, Resize x1, SkipLayerNormalization x1, Slice x18, Softmax x12, Split x32, Squeeze x36, Transpose x57, Unsqueeze x3",,,,ac,deepfake_1|deepfake|deepfake|0.999951|0.999951;deepfake_2|deepfake|deepfake|0.998115|0.998115;real_1|real|deepfake|0.999452|0.999452;real_2|real|deepfake|0.998430|0.998430;real_3|real|real|0.004814|0.004814,ok,CPUExecutionProvider,CPUExecutionProvider,false,"[{""provider"":""CPUExecutionProvider"",""success"":true,""error"":""""}]",latency,whole-fp32,whole,1618ebebd4476cb9aaf3,05cfd5fdecc4f4f6fa46,
2026-07-21T14:10:10Z,tsc,90f2ed1b3f1a469f36e416ceeb6121da8de72152f69c61e5a14865ee045834e0,NPU,OpenVINOExecutionProvider,windows-ml,1.24.6,preferred,x64,Windows 11 (build 26200),ONNX Runtime (classifier),40,C:\Users\Ondrej Dobias\.cursor\worktrees\whisper-npu-hal\tfkb\build\cache\benchmark\x64-winml\auto\tsc\whole-fp32\npu,4.34288,4.35304,4.313,8.6381,8.3274,8.56719,328.565,15,14,0.933333,0.00738379,1,0,0,,0,245,ort-ep-graph-assignment,ac,scam_0|scam|clean|0.036357|0.036887;scam_1|scam|scam|0.999978|0.999978;scam_2|scam|scam|0.909667|0.909333;scam_3|scam|scam|0.999219|0.999245;scam_4|scam|scam|0.999843|0.999844;scam_5|scam|scam|0.990551|0.990409;scam_6|scam|scam|0.971699|0.972070;scam_7|scam|scam|0.947817|0.940434;clean_8|clean|clean|0.000001|0.000001;clean_9|clean|clean|0.000002|0.000002;clean_10|clean|clean|0.000003|0.000003;clean_11|clean|clean|0.000003|0.000003;clean_12|clean|clean|0.014785|0.013057;clean_13|clean|clean|0.000707|0.000701;clean_14|clean|clean|0.001441|0.001439,ok,auto,OpenVINOExecutionProvider,false,"[{""provider"":""WindowsML:PREFER_NPU"",""success"":true,""error"":""""}]",latency,whole-fp32,whole,4fc2764941c24327b2c5,5a68daf787e1aaeb53c0,
2026-07-21T14:10:22Z,fakeaudio-bb-expanded-attention-bias,464a53e6a0faa31fccbf2f7a19407c031d80fa589f53ce65194f1fc82a5be546,NPU,OpenVINOExecutionProvider,windows-ml,1.24.6,preferred,x64,Windows 11 (build 26200),ONNX Runtime (classifier),40,C:\Users\Ondrej Dobias\.cursor\worktrees\whisper-npu-hal\tfkb\build\cache\benchmark\x64-winml\auto\fakeaudio\npu-split-intel\npu,4.81415,5.04843,4.39583,23.2518,22.7911,23.511,123.679,5,3,0.6,6.77675e-05,1,0,0,,0,584,ort-ep-graph-assignment,ac,deepfake_1|deepfake|deepfake|0.999950|0.999951;deepfake_2|deepfake|deepfake|0.998125|0.998115;real_1|real|deepfake|0.999457|0.999452;real_2|real|deepfake|0.998408|0.998430;real_3|real|real|0.004746|0.004814,ok,auto,OpenVINOExecutionProvider,false,"[{""provider"":""WindowsML:PREFER_NPU"",""success"":true,""error"":""""}]",latency,npu-split-intel,backbone,4fc2764941c24327b2c5,a98267a3760bd711958e;9357fcbed61aae578658,
2026-07-21T14:10:56Z,tsc,90f2ed1b3f1a469f36e416ceeb6121da8de72152f69c61e5a14865ee045834e0,GPU,DmlExecutionProvider,windows-ml,1.24.6,preferred,x64,Windows 11 (build 26200),ONNX Runtime (classifier),40,C:\Users\Ondrej Dobias\.cursor\worktrees\whisper-npu-hal\tfkb\build\cache\benchmark\x64-winml\auto\tsc\whole-fp32\gpu,0.696089,0.680725,0.707429,41.7993,45.2961,49.0753,328.565,15,14,0.933333,1.58922e-06,1,0,0,,,,,ac,scam_0|scam|clean|0.036887|0.036887;scam_1|scam|scam|0.999978|0.999978;scam_2|scam|scam|0.909334|0.909333;scam_3|scam|scam|0.999245|0.999245;scam_4|scam|scam|0.999844|0.999844;scam_5|scam|scam|0.990408|0.990409;scam_6|scam|scam|0.972070|0.972070;scam_7|scam|scam|0.940432|0.940434;clean_8|clean|clean|0.000001|0.000001;clean_9|clean|clean|0.000002|0.000002;clean_10|clean|clean|0.000003|0.000003;clean_11|clean|clean|0.000003|0.000003;clean_12|clean|clean|0.013058|0.013057;clean_13|clean|clean|0.000701|0.000701;clean_14|clean|clean|0.001439|0.001439,ok,auto,DmlExecutionProvider,false,"[{""provider"":""WindowsML:PREFER_GPU"",""success"":true,""error"":""""}]",latency,whole-fp32,whole,4fc2764941c24327b2c5,68d8f010f125d70b7610,
2026-07-21T14:11:03Z,fakeaudio,549143bc35c75f7f531dc900a901a5f6c8835d47de3cf833ab2579f8be72dcbb,GPU,DmlExecutionProvider,windows-ml,1.24.6,preferred,x64,Windows 11 (build 26200),ONNX Runtime (classifier),40,C:\Users\Ondrej Dobias\.cursor\worktrees\whisper-npu-hal\tfkb\build\cache\benchmark\x64-winml\auto\fakeaudio\whole-fp32\gpu,0.613055,0.579947,0.520661,46.6958,46.2768,47.0145,127.845,5,3,0.6,1.62457e-07,4,1,20,Resize x1,,,,ac,deepfake_1|deepfake|deepfake|0.999951|0.999951;deepfake_2|deepfake|deepfake|0.998115|0.998115;real_1|real|deepfake|0.999452|0.999452;real_2|real|deepfake|0.998430|0.998430;real_3|real|real|0.004814|0.004814,ok,auto,DmlExecutionProvider,false,"[{""provider"":""WindowsML:PREFER_GPU"",""success"":true,""error"":""""}]",latency,whole-fp32,whole,4fc2764941c24327b2c5,906e5224cf96c6d4dfdf,
2026-07-21T14:12:46Z,tsc,90f2ed1b3f1a469f36e416ceeb6121da8de72152f69c61e5a14865ee045834e0,CPU,CPUExecutionProvider,windows-ml,1.24.6,f32,x64,Windows 11 (build 26200),ONNX Runtime (classifier),40,C:\Users\Ondrej Dobias\.cursor\worktrees\whisper-npu-hal\tfkb\build\cache\benchmark\x64-winml\auto\tsc\whole-fp32\cpu,0.519328,0.511246,0.513823,217.062,232.023,252.268,328.565,15,14,0.933333,4.55356e-10,0,219,100,"Add x8, Cast x4, CumSum x1, Equal x1, Expand x1, FusedGemm x1, FusedMatMul x6, Gather x3, Gelu x6, Gemm x37, MatMul x6, Mul x1, Not x1, Reshape x96, SkipLayerNormalization x13, Softmax x6, Sub x1, Transpose x24, Unsqueeze x2, Where x1",,,,ac,scam_0|scam|clean|0.036887|0.036887;scam_1|scam|scam|0.999978|0.999978;scam_2|scam|scam|0.909333|0.909333;scam_3|scam|scam|0.999245|0.999245;scam_4|scam|scam|0.999844|0.999844;scam_5|scam|scam|0.990409|0.990409;scam_6|scam|scam|0.972070|0.972070;scam_7|scam|scam|0.940434|0.940434;clean_8|clean|clean|0.000001|0.000001;clean_9|clean|clean|0.000002|0.000002;clean_10|clean|clean|0.000003|0.000003;clean_11|clean|clean|0.000003|0.000003;clean_12|clean|clean|0.013057|0.013057;clean_13|clean|clean|0.000701|0.000701;clean_14|clean|clean|0.001439|0.001439,ok,auto,CPUExecutionProvider,false,"[{""provider"":""WindowsML:PREFER_CPU"",""success"":true,""error"":""""}]",latency,whole-fp32,whole,4fc2764941c24327b2c5,eee1197a5a057073e003,
2026-07-21T14:13:01Z,fakeaudio,549143bc35c75f7f531dc900a901a5f6c8835d47de3cf833ab2579f8be72dcbb,CPU,CPUExecutionProvider,windows-ml,1.24.6,f32,x64,Windows 11 (build 26200),ONNX Runtime (classifier),40,C:\Users\Ondrej Dobias\.cursor\worktrees\whisper-npu-hal\tfkb\build\cache\benchmark\x64-winml\auto\fakeaudio\whole-fp32\cpu,0.476036,0.537619,0.44015,112.459,120.169,127.031,127.845,5,3,0.6,2.25689e-08,0,512,100,"Add x41, BatchNormalization x1, Clip x1, Concat x23, Conv x3, Div x1, Flatten x1, FusedGemm x2, FusedMatMul x12, Gelu x13, Gemm x50, GlobalAveragePool x1, LayerNormalization x29, Log x1, MatMul x17, Mul x1, Pad x1, Pow x2, ReorderOutput x1, Reshape x151, Resize x1, SkipLayerNormalization x1, Slice x18, Softmax x12, Split x32, Squeeze x36, Transpose x57, Unsqueeze x3",,,,ac,deepfake_1|deepfake|deepfake|0.999951|0.999951;deepfake_2|deepfake|deepfake|0.998115|0.998115;real_1|real|deepfake|0.999452|0.999452;real_2|real|deepfake|0.998430|0.998430;real_3|real|real|0.004814|0.004814,ok,auto,CPUExecutionProvider,false,"[{""provider"":""WindowsML:PREFER_CPU"",""success"":true,""error"":""""}]",latency,whole-fp32,whole,4fc2764941c24327b2c5,e9e37e3c22eb243d691e,
2026-07-21T14:32:49Z,tsc,90f2ed1b3f1a469f36e416ceeb6121da8de72152f69c61e5a14865ee045834e0,NPU,OpenVINOExecutionProvider,onnxruntime-openvino,1.24.1,preferred,x64,Windows 11 (build 26200),ONNX Runtime (classifier),40,C:\Users\Ondrej Dobias\.cursor\worktrees\whisper-npu-hal\tfkb\artifacts\cache\benchmark\x64-ovep\openvino\tsc\whole-fp32\npu,8.39183,8.05632,0.734126,7.77516,7.6062,7.87194,328.565,15,14,0.933333,0.00665452,1,0,0,,0,245,ort-ep-graph-assignment,battery,scam_0|scam|clean|0.036459|0.036887;scam_1|scam|scam|0.999978|0.999978;scam_2|scam|scam|0.911101|0.909333;scam_3|scam|scam|0.999234|0.999245;scam_4|scam|scam|0.999846|0.999844;scam_5|scam|scam|0.990660|0.990409;scam_6|scam|scam|0.972805|0.972070;scam_7|scam|scam|0.947088|0.940434;clean_8|clean|clean|0.000001|0.000001;clean_9|clean|clean|0.000002|0.000002;clean_10|clean|clean|0.000003|0.000003;clean_11|clean|clean|0.000003|0.000003;clean_12|clean|clean|0.013929|0.013057;clean_13|clean|clean|0.000714|0.000701;clean_14|clean|clean|0.001405|0.001439,ok,openvino,OpenVINOExecutionProvider,false,"[{""provider"":""openvino"",""success"":true,""error"":""""}]",latency,whole-fp32,whole,1502a93f70fc9b876599,2d41d1f4627722a50b36,
2026-07-21T14:33:46Z,tsc,90f2ed1b3f1a469f36e416ceeb6121da8de72152f69c61e5a14865ee045834e0,GPU,DmlExecutionProvider,onnxruntime-directml,1.24.4,f32,x64,Windows 11 (build 26200),ONNX Runtime (classifier),40,C:\Users\Ondrej Dobias\.cursor\worktrees\whisper-npu-hal\tfkb\artifacts\cache\benchmark\x64-dml\DmlExecutionProvider\tsc\whole-fp32\gpu,0.887866,0.848295,0.95806,37.9788,37.7048,38.6685,328.565,15,14,0.933333,1.58922e-06,1,0,0,,,,,battery,scam_0|scam|clean|0.036887|0.036887;scam_1|scam|scam|0.999978|0.999978;scam_2|scam|scam|0.909334|0.909333;scam_3|scam|scam|0.999245|0.999245;scam_4|scam|scam|0.999844|0.999844;scam_5|scam|scam|0.990408|0.990409;scam_6|scam|scam|0.972070|0.972070;scam_7|scam|scam|0.940432|0.940434;clean_8|clean|clean|0.000001|0.000001;clean_9|clean|clean|0.000002|0.000002;clean_10|clean|clean|0.000003|0.000003;clean_11|clean|clean|0.000003|0.000003;clean_12|clean|clean|0.013058|0.013057;clean_13|clean|clean|0.000701|0.000701;clean_14|clean|clean|0.001439|0.001439,ok,DmlExecutionProvider,DmlExecutionProvider,false,"[{""provider"":""DmlExecutionProvider"",""success"":true,""error"":""""}]",latency,whole-fp32,whole,8482476f6e69c256d5e5,13a3752b7dcd4b6416a4,
2026-07-21T14:33:57Z,fakeaudio,549143bc35c75f7f531dc900a901a5f6c8835d47de3cf833ab2579f8be72dcbb,GPU,DmlExecutionProvider,onnxruntime-directml,1.24.4,f32,x64,Windows 11 (build 26200),ONNX Runtime (classifier),40,C:\Users\Ondrej Dobias\.cursor\worktrees\whisper-npu-hal\tfkb\artifacts\cache\benchmark\x64-dml\DmlExecutionProvider\fakeaudio\whole-fp32\gpu,0.945862,0.902055,0.819711,73.3334,73.9552,79.157,127.845,5,3,0.6,1.62457e-07,4,1,20,Resize x1,,,,battery,deepfake_1|deepfake|deepfake|0.999951|0.999951;deepfake_2|deepfake|deepfake|0.998115|0.998115;real_1|real|deepfake|0.999452|0.999452;real_2|real|deepfake|0.998430|0.998430;real_3|real|real|0.004814|0.004814,ok,DmlExecutionProvider,DmlExecutionProvider,false,"[{""provider"":""DmlExecutionProvider"",""success"":true,""error"":""""}]",latency,whole-fp32,whole,8482476f6e69c256d5e5,9133e79443622a4d258f,
2026-07-21T14:36:18Z,tsc,90f2ed1b3f1a469f36e416ceeb6121da8de72152f69c61e5a14865ee045834e0,CPU,CPUExecutionProvider,onnxruntime,1.24.4,f32,x64,Windows 11 (build 26200),ONNX Runtime (classifier),40,C:\Users\Ondrej Dobias\.cursor\worktrees\whisper-npu-hal\tfkb\artifacts\cache\benchmark\x64\CPUExecutionProvider\tsc\whole-fp32\cpu,0.658383,0.615951,0.600706,220.939,218.375,278.22,328.565,15,14,0.933333,4.55356e-10,0,219,100,"Add x8, Cast x4, CumSum x1, Equal x1, Expand x1, FusedGemm x1, FusedMatMul x6, Gather x3, Gelu x6, Gemm x37, MatMul x6, Mul x1, Not x1, Reshape x96, SkipLayerNormalization x13, Softmax x6, Sub x1, Transpose x24, Unsqueeze x2, Where x1",,,,battery,scam_0|scam|clean|0.036887|0.036887;scam_1|scam|scam|0.999978|0.999978;scam_2|scam|scam|0.909333|0.909333;scam_3|scam|scam|0.999245|0.999245;scam_4|scam|scam|0.999844|0.999844;scam_5|scam|scam|0.990409|0.990409;scam_6|scam|scam|0.972070|0.972070;scam_7|scam|scam|0.940434|0.940434;clean_8|clean|clean|0.000001|0.000001;clean_9|clean|clean|0.000002|0.000002;clean_10|clean|clean|0.000003|0.000003;clean_11|clean|clean|0.000003|0.000003;clean_12|clean|clean|0.013057|0.013057;clean_13|clean|clean|0.000701|0.000701;clean_14|clean|clean|0.001439|0.001439,ok,CPUExecutionProvider,CPUExecutionProvider,false,"[{""provider"":""CPUExecutionProvider"",""success"":true,""error"":""""}]",latency,whole-fp32,whole,d1b7b429f21267f2759a,d0dd3f8e6ef654c2ad3c,
2026-07-21T14:36:33Z,fakeaudio,549143bc35c75f7f531dc900a901a5f6c8835d47de3cf833ab2579f8be72dcbb,CPU,CPUExecutionProvider,onnxruntime,1.24.4,f32,x64,Windows 11 (build 26200),ONNX Runtime (classifier),40,C:\Users\Ondrej Dobias\.cursor\worktrees\whisper-npu-hal\tfkb\artifacts\cache\benchmark\x64\CPUExecutionProvider\fakeaudio\whole-fp32\cpu,0.591633,0.58122,0.493447,121.641,120.258,134.545,127.845,5,3,0.6,2.25689e-08,0,512,100,"Add x41, BatchNormalization x1, Clip x1, Concat x23, Conv x3, Div x1, Flatten x1, FusedGemm x2, FusedMatMul x12, Gelu x13, Gemm x50, GlobalAveragePool x1, LayerNormalization x29, Log x1, MatMul x17, Mul x1, Pad x1, Pow x2, ReorderOutput x1, Reshape x151, Resize x1, SkipLayerNormalization x1, Slice x18, Softmax x12, Split x32, Squeeze x36, Transpose x57, Unsqueeze x3",,,,battery,deepfake_1|deepfake|deepfake|0.999951|0.999951;deepfake_2|deepfake|deepfake|0.998115|0.998115;real_1|real|deepfake|0.999452|0.999452;real_2|real|deepfake|0.998430|0.998430;real_3|real|real|0.004814|0.004814,ok,CPUExecutionProvider,CPUExecutionProvider,false,"[{""provider"":""CPUExecutionProvider"",""success"":true,""error"":""""}]",latency,whole-fp32,whole,d1b7b429f21267f2759a,25c6b8428b8aba85155c,
2026-07-21T14:37:27Z,tsc,90f2ed1b3f1a469f36e416ceeb6121da8de72152f69c61e5a14865ee045834e0,NPU,OpenVINOExecutionProvider,windows-ml,1.24.6,preferred,x64,Windows 11 (build 26200),ONNX Runtime (classifier),40,C:\Users\Ondrej Dobias\.cursor\worktrees\whisper-npu-hal\tfkb\artifacts\cache\benchmark\x64-winml\auto\tsc\whole-fp32\npu,5.1962,5.0595,5.11517,8.29971,8.1653,8.33683,328.565,15,14,0.933333,0.00738379,1,0,0,,0,245,ort-ep-graph-assignment,battery,scam_0|scam|clean|0.036357|0.036887;scam_1|scam|scam|0.999978|0.999978;scam_2|scam|scam|0.909667|0.909333;scam_3|scam|scam|0.999219|0.999245;scam_4|scam|scam|0.999843|0.999844;scam_5|scam|scam|0.990551|0.990409;scam_6|scam|scam|0.971699|0.972070;scam_7|scam|scam|0.947817|0.940434;clean_8|clean|clean|0.000001|0.000001;clean_9|clean|clean|0.000002|0.000002;clean_10|clean|clean|0.000003|0.000003;clean_11|clean|clean|0.000003|0.000003;clean_12|clean|clean|0.014785|0.013057;clean_13|clean|clean|0.000707|0.000701;clean_14|clean|clean|0.001441|0.001439,ok,auto,OpenVINOExecutionProvider,false,"[{""provider"":""WindowsML:PREFER_NPU"",""success"":true,""error"":""""}]",latency,whole-fp32,whole,4307449a9a2a7bed944b,4b30a97c62c845aee714,
2026-07-21T14:38:05Z,tsc,90f2ed1b3f1a469f36e416ceeb6121da8de72152f69c61e5a14865ee045834e0,GPU,DmlExecutionProvider,windows-ml,1.24.6,preferred,x64,Windows 11 (build 26200),ONNX Runtime (classifier),40,C:\Users\Ondrej Dobias\.cursor\worktrees\whisper-npu-hal\tfkb\artifacts\cache\benchmark\x64-winml\auto\tsc\whole-fp32\gpu,0.951686,0.846651,0.797291,37.738,37.5688,38.3881,328.565,15,14,0.933333,1.58922e-06,1,0,0,,,,,battery,scam_0|scam|clean|0.036887|0.036887;scam_1|scam|scam|0.999978|0.999978;scam_2|scam|scam|0.909334|0.909333;scam_3|scam|scam|0.999245|0.999245;scam_4|scam|scam|0.999844|0.999844;scam_5|scam|scam|0.990408|0.990409;scam_6|scam|scam|0.972070|0.972070;scam_7|scam|scam|0.940432|0.940434;clean_8|clean|clean|0.000001|0.000001;clean_9|clean|clean|0.000002|0.000002;clean_10|clean|clean|0.000003|0.000003;clean_11|clean|clean|0.000003|0.000003;clean_12|clean|clean|0.013058|0.013057;clean_13|clean|clean|0.000701|0.000701;clean_14|clean|clean|0.001439|0.001439,ok,auto,DmlExecutionProvider,false,"[{""provider"":""WindowsML:PREFER_GPU"",""success"":true,""error"":""""}]",latency,whole-fp32,whole,4307449a9a2a7bed944b,a3c43c23217546b64020,
2026-07-21T14:38:16Z,fakeaudio,549143bc35c75f7f531dc900a901a5f6c8835d47de3cf833ab2579f8be72dcbb,GPU,DmlExecutionProvider,windows-ml,1.24.6,preferred,x64,Windows 11 (build 26200),ONNX Runtime (classifier),40,C:\Users\Ondrej Dobias\.cursor\worktrees\whisper-npu-hal\tfkb\artifacts\cache\benchmark\x64-winml\auto\fakeaudio\whole-fp32\gpu,0.881525,0.842199,0.725104,71.481,71.7961,77.8682,127.845,5,3,0.6,1.62457e-07,4,1,20,Resize x1,,,,battery,deepfake_1|deepfake|deepfake|0.999951|0.999951;deepfake_2|deepfake|deepfake|0.998115|0.998115;real_1|real|deepfake|0.999452|0.999452;real_2|real|deepfake|0.998430|0.998430;real_3|real|real|0.004814|0.004814,ok,auto,DmlExecutionProvider,false,"[{""provider"":""WindowsML:PREFER_GPU"",""success"":true,""error"":""""}]",latency,whole-fp32,whole,4307449a9a2a7bed944b,9e0ebfe76b95265a97db,
2026-07-21T14:39:47Z,tsc,90f2ed1b3f1a469f36e416ceeb6121da8de72152f69c61e5a14865ee045834e0,CPU,CPUExecutionProvider,windows-ml,1.24.6,f32,x64,Windows 11 (build 26200),ONNX Runtime (classifier),40,C:\Users\Ondrej Dobias\.cursor\worktrees\whisper-npu-hal\tfkb\artifacts\cache\benchmark\x64-winml\auto\tsc\whole-fp32\cpu,0.5959,0.5842,0.604142,187.155,209.132,280.854,328.565,15,14,0.933333,4.55356e-10,0,219,100,"Add x8, Cast x4, CumSum x1, Equal x1, Expand x1, FusedGemm x1, FusedMatMul x6, Gather x3, Gelu x6, Gemm x37, MatMul x6, Mul x1, Not x1, Reshape x96, SkipLayerNormalization x13, Softmax x6, Sub x1, Transpose x24, Unsqueeze x2, Where x1",,,,battery,scam_0|scam|clean|0.036887|0.036887;scam_1|scam|scam|0.999978|0.999978;scam_2|scam|scam|0.909333|0.909333;scam_3|scam|scam|0.999245|0.999245;scam_4|scam|scam|0.999844|0.999844;scam_5|scam|scam|0.990409|0.990409;scam_6|scam|scam|0.972070|0.972070;scam_7|scam|scam|0.940434|0.940434;clean_8|clean|clean|0.000001|0.000001;clean_9|clean|clean|0.000002|0.000002;clean_10|clean|clean|0.000003|0.000003;clean_11|clean|clean|0.000003|0.000003;clean_12|clean|clean|0.013057|0.013057;clean_13|clean|clean|0.000701|0.000701;clean_14|clean|clean|0.001439|0.001439,ok,auto,CPUExecutionProvider,false,"[{""provider"":""WindowsML:PREFER_CPU"",""success"":true,""error"":""""}]",latency,whole-fp32,whole,4307449a9a2a7bed944b,9d005ec1ba739c485d4f,
2026-07-21T14:40:01Z,fakeaudio,549143bc35c75f7f531dc900a901a5f6c8835d47de3cf833ab2579f8be72dcbb,CPU,CPUExecutionProvider,windows-ml,1.24.6,f32,x64,Windows 11 (build 26200),ONNX Runtime (classifier),40,C:\Users\Ondrej Dobias\.cursor\worktrees\whisper-npu-hal\tfkb\artifacts\cache\benchmark\x64-winml\auto\fakeaudio\whole-fp32\cpu,0.484986,0.460063,0.394288,102.485,108.665,125.118,127.845,5,3,0.6,2.25689e-08,0,512,100,"Add x41, BatchNormalization x1, Clip x1, Concat x23, Conv x3, Div x1, Flatten x1, FusedGemm x2, FusedMatMul x12, Gelu x13, Gemm x50, GlobalAveragePool x1, LayerNormalization x29, Log x1, MatMul x17, Mul x1, Pad x1, Pow x2, ReorderOutput x1, Reshape x151, Resize x1, SkipLayerNormalization x1, Slice x18, Softmax x12, Split x32, Squeeze x36, Transpose x57, Unsqueeze x3",,,,battery,deepfake_1|deepfake|deepfake|0.999951|0.999951;deepfake_2|deepfake|deepfake|0.998115|0.998115;real_1|real|deepfake|0.999452|0.999452;real_2|real|deepfake|0.998430|0.998430;real_3|real|real|0.004814|0.004814,ok,auto,CPUExecutionProvider,false,"[{""provider"":""WindowsML:PREFER_CPU"",""success"":true,""error"":""""}]",latency,whole-fp32,whole,4307449a9a2a7bed944b,d66883389ae84d636f9d,
2026-07-21T14:51:51Z,fakeaudio-bb-expanded-attention-bias,464a53e6a0faa31fccbf2f7a19407c031d80fa589f53ce65194f1fc82a5be546,NPU,OpenVINOExecutionProvider,onnxruntime-openvino,1.24.1,preferred,x64,Windows 11 (build 26200),ONNX Runtime (classifier),40,C:\Users\Ondrej Dobias\.cursor\worktrees\whisper-npu-hal\tfkb\artifacts\cache\benchmark\x64-ovep\openvino\fakeaudio\npu-split-intel\npu,6.7319,6.6212,0.520706,23.1183,22.7901,23.403,123.679,5,3,0.6,6.77675e-05,1,0,0,,0,584,ort-ep-graph-assignment,battery,deepfake_1|deepfake|deepfake|0.999950|0.999951;deepfake_2|deepfake|deepfake|0.998125|0.998115;real_1|real|deepfake|0.999457|0.999452;real_2|real|deepfake|0.998408|0.998430;real_3|real|real|0.004746|0.004814,ok,openvino,OpenVINOExecutionProvider,false,"[{""provider"":""openvino"",""success"":true,""error"":""""}]",latency,npu-split-intel,backbone,dac5b64f89576bc40667,8d78d34006f4604d504e;6f14f08e1c1a7a1a61d5,
2026-07-21T14:52:24Z,fakeaudio-bb-expanded-attention-bias,464a53e6a0faa31fccbf2f7a19407c031d80fa589f53ce65194f1fc82a5be546,NPU,OpenVINOExecutionProvider,windows-ml,1.24.6,preferred,x64,Windows 11 (build 26200),ONNX Runtime (classifier),40,C:\Users\Ondrej Dobias\.cursor\worktrees\whisper-npu-hal\tfkb\artifacts\cache\benchmark\x64-winml\auto\fakeaudio\npu-split-intel\npu,5.87774,5.60387,5.43506,23.2574,22.8208,24.721,123.679,5,3,0.6,6.77675e-05,1,0,0,,0,584,ort-ep-graph-assignment,battery,deepfake_1|deepfake|deepfake|0.999950|0.999951;deepfake_2|deepfake|deepfake|0.998125|0.998115;real_1|real|deepfake|0.999457|0.999452;real_2|real|deepfake|0.998408|0.998430;real_3|real|real|0.004746|0.004814,ok,auto,OpenVINOExecutionProvider,false,"[{""provider"":""WindowsML:PREFER_NPU"",""success"":true,""error"":""""}]",latency,npu-split-intel,backbone,caec1fdeec3d3e9bb000,ea7f771739e30fdddc88;6b9833f65762060e81c3,
